Artist Name,MusicBrainz ID,Country,Area,Type,Genre Tags,Primary Language,English Ratio,Has English,Estimated Tracks,Albums,EPs,Singles,Total Releases,Latest Release Date,Active Since,Disbanded,MB Size Score,Max Tag Votes,Rating Count,Release Countries
22‐Pistepirkko,32b698aa-0bf8-4783-88f0-0758b8543cbd,Finland,Finland,Group,"rock, indie rock, finland",,0%,No,0,0,0,0,0,,1980,No,0,0,0,0
501,7127593a-f58c-48fb-8f53-b3207bdf1111,Finland,Finland,Person,"electronic, dubstep",,0%,No,0,0,0,0,0,,,No,0,0,0,0
A.R.G.,ff49c7de-a2c1-4def-88b5-2a6c0626b829,Finland,Finland,Group,thrash metal,,0%,No,0,0,0,0,0,,1985,No,0,0,0,0
Aarni,f7711954-04f9-43d9-ae84-8d2ee96efde2,Finland,Finland,Group,"finnish, experimental, doom metal, avant-garde metal",,0%,No,0,0,0,0,0,,1998,No,0,0,0,0
Aavepyörä,e2a013df-987a-494b-9b68-67a6643aa909,Finland,Finland,Group,,,0%,No,0,0,0,0,0,,,No,0,0,0,0
Aavikko,bceb4b98-11a7-4ba7-a498-e73a8c9274f1,Finland,Finland,Group,electronic,,0%,No,0,0,0,0,0,,1995,No,0,0,0,0
Absoluuttinen Nollapiste,c507f7cc-d4f4-4ab6-a072-8c7653960a94,Finland,Finland,Group,pop rock,,0%,No,0,0,0,0,0,,1991,No,0,0,0,0
Adi L Hasla,5007dfd0-2c52-46fa-b925-9d7566e14409,Finland,Finland,Person,pop rap,,0%,No,0,0,0,0,0,,1991,No,0,0,0,0
Aeoga,756f3309-9708-43fc-b6b5-77939fa1b276,Finland,Finland,Group,"ritual ambient, dark ambient",,0%,No,0,0,0,0,0,,2004,No,0,0,0,0
Agents,8fa7b39a-6faa-49ab-8a62-8dc6b71c1947,Finland,Finland,Group,"schlager, rautalanka, rock, instrumental rock, iskelmä",,0%,No,0,0,0,0,0,,1979,No,0,0,0,0
Agnus Dei,cb84be11-cde7-4d4b-8b79-3e782afcc3fd,Finland,Finland,Group,"progressive metal, power",,0%,No,0,0,0,0,0,,,No,0,0,0,0
Aikakone,1c9a8777-e808-4ea3-a9a3-0358b454cf7b,Finland,Finland,Group,"eurodance, pop, electronic, finnish, techno",,0%,No,0,0,0,0,0,,1995,No,0,0,0,0
Aivovuoto,b0d4daae-84e0-4007-8fb8-3af2d428d35c,Finland,Finland,Group,hip hop,,0%,No,0,0,0,0,0,,2012,No,0,0,0,0
Aki Rissanen,bd929a99-9a63-453d-abaf-35a0c8d16fbc,Finland,Finland,Person,"contemporary jazz, jazz, jazz fusion",,0%,No,0,0,0,0,0,,1980,No,0,0,0,0
Altaria,fcc62161-ea44-4864-8f68-c49a88f141fe,Finland,Finland,Group,"heavy metal, power metal",,0%,No,0,0,0,0,0,,2000,No,0,0,0,0
Amorphis,efaefde1-e09b-4d49-9d8e-b1304d2ece8d,Finland,Finland,Group,"melodic death metal, progressive metal, metal, finnish, death metal, clean vocals, melodic, symphonic metal, folk metal, finland",,0%,No,0,0,0,0,0,,1990,No,0,0,0,0
Andersson,8920ecd5-49f9-43f8-b4a4-c804b4c1a8fb,Finland,Finland,Group,indie pop,,0%,No,0,0,0,0,0,,,No,0,0,0,0
Animal Genie,90a345e6-00df-4c6c-84e9-f8ca16232a85,Finland,Finland,Person,"indie pop, bedroom pop, alternative rock, indie rock, neo-psychedelia, dream pop, psychedelic rock",,0%,No,0,0,0,0,0,,1992,No,0,0,0,0
Anni Mattila,c99d179f-d6cc-46e0-b6b7-55f593300f92,Finland,Finland,Person,"anni mattila, a'nni, finnish singers, r&b artists, water lilies ep",,0%,No,0,0,0,0,0,,,No,0,0,0,0
Anssi Kela,7d55d189-67d5-4ff4-abe4-311459bd999b,Finland,Finland,Person,"singer-songwriter, rock",,0%,No,0,0,0,0,0,,1972,No,0,0,0,0
Antti Martikainen,36b891ab-5e89-4f17-bb91-f189764de5ff,Finland,Finland,Person,"metal, symphonic metal",,0%,No,0,0,0,0,0,,,No,0,0,0,0
Antti Rannisto,2174d60a-7caa-4bc6-99ba-0e9c2baa34ff,Finland,Finland,Person,"techno, minimal techno",,0%,No,0,0,0,0,0,,1978,No,0,0,0,0
Antti Sarpila,42530909-b793-458d-86eb-79054a37a3b9,Finland,Finland,Person,"jazz, swing",,0%,No,0,0,0,0,0,,1964,No,0,0,0,0
Antti Sarpila Swing Band,e978867d-e787-4a87-b36c-7c87ff1f16df,Finland,Finland,Group,"swing, big band, jazz",,0%,No,0,0,0,0,0,,1982,No,0,0,0,0
Apocalyptica,788ad31c-bf0c-4a31-83f8-b8b130d79c76,Finland,Finland,Group,"heavy metal, instrumental, metal, finnish, seen live, instrumental rock, cello, symphonic metal, alternative metal, cello metal",,0%,No,0,0,0,0,0,,1993,No,0,0,0,0
Apulanta,d3fa206b-a8ff-4b53-a0e2-83aa19a40c66,Finland,Finland,Group,"rock, alternative rock, punk, finland, pop rock",,0%,No,0,0,0,0,0,,1991,No,0,0,0,0
Ari Pulkkinen,fc14934c-5c14-4b3e-ba9a-76af9117e6a8,Finland,Finland,Person,"vgm, video game music",,0%,No,0,0,0,0,0,,1982,No,0,0,0,0
Arja Koriseva,14f331fd-a197-4de4-a374-638f0cc6257f,Finland,Finland,Person,,,0%,No,0,0,0,0,0,,1965,No,0,0,0,0
Arja Saijonmaa,0bcb4b8f-7328-4770-be30-46a5db444862,Finland,Finland,Person,"pop, singer, tango, schlager, world music, chanson, iskelmä, international, dansband, swedish pop",,0%,No,0,0,0,0,0,,1944,No,0,0,0,0
Arktau Eos,3f551681-b3b9-40a3-9bc9-6fc115787f08,Finland,Finland,Group,"electro, drone, dark ambient, ritual ambient",,0%,No,0,0,0,0,0,,2005,No,0,0,0,0
Asa,01aaa1b4-4b35-48a3-8a00-5d82591d93d1,Finland,Finland,Person,"rap, folk, conscious hip hop, hip hop",,0%,No,0,0,0,0,0,,1980,No,0,0,0,0
Astral Magic,b6d4b656-8ac3-411a-8c0e-492c1fe21f69,Finland,Finland,Group,"experimental, psychedelic rock, space rock, electronic",,0%,No,0,0,0,0,0,,,No,0,0,0,0
Aura of Pestilence,0c1bb800-0b90-4c26-b2fe-5143fbf1ac3f,Finland,Finland,Group,thrash metal,,0%,No,0,0,0,0,0,,2013,No,0,0,0,0
Avathar,b8449ea9-5541-483a-b5a3-3c5b3ffcc60e,Finland,Finland,Group,"folk metal, black metal",,0%,No,0,0,0,0,0,,2000,No,0,0,0,0
Axegressor,e969c5b5-0948-49e0-a51c-2a088ce93cb9,Finland,Finland,Group,thrash metal,,0%,No,0,0,0,0,0,,2006,No,0,0,0,0
Axel Thesleff,8b05b805-7376-47f2-acc4-05564502a888,Finland,Finland,Person,electronic,,0%,No,0,0,0,0,0,,1991,No,0,0,0,0
Axeslaughter,e247baec-e50c-48c0-81ad-433e01692939,Finland,Finland,Group,"death metal, thrash metal, death, gore",,0%,No,0,0,0,0,0,,2006,No,0,0,0,0
Axis of Evil,6388c689-a5e4-4633-bd18-a22068eb0b95,Finland,Finland,Person,drum and bass,,0%,No,0,0,0,0,0,,,No,0,0,0,0
Azaghal,499d753e-aea0-417b-a9be-e77747999aae,Finland,Finland,Group,"satanism, hatred, anti-christianity, terror, war, black metal",,0%,No,0,0,0,0,0,,1995,No,0,0,0,0
BEHM,2f0d2263-76ee-4bb2-a990-01bd5ac3a867,Finland,Finland,Person,"pop, iskelmä, art pop, finnish rock, finnish pop, finnish hip hop",,0%,No,0,0,0,0,0,,1994,No,0,0,0,0
Babe,0cec746a-c5b1-4364-9d68-21ccb6edffd5,Finland,Finland,Group,"bubblegum dance, europop, finland, eurodance, synth-pop, edm, pop, euro house, electro",,0%,No,0,0,0,0,0,,,No,0,0,0,0
Babes in the Abyss,29450ef7-e9aa-4781-b5d9-1c636cf71bf5,Finland,Finland,Group,"lo-fi, metal, diy, dark, experimental, primitive",,0%,No,0,0,0,0,0,,2016,No,0,0,0,0
Barathrum,d7f473aa-ab4e-405f-bc90-c35fc30bbbe1,Finland,Finland,Group,"black metal, doom metal, darkness, occultism, satanism",,0%,No,0,0,0,0,0,,1991,No,0,0,0,0
Barren Earth,5e43a2e0-9631-4ba8-a33e-f5e6d6596c9b,Finland,Finland,Group,"melodic death metal, progressive metal, death metal, progressive death metal",,0%,No,0,0,0,0,0,,2007,No,0,0,0,0
Battle Beast,d0cb5651-e1f2-4ffb-8ae1-b4b263af75fa,Finland,Finland,Group,"rock, heavy metal, metal, hard rock, power metal, arena rock, aor, pop metal",,0%,No,0,0,0,0,0,,2008,No,0,0,0,0
Baulta,3f63d399-a880-4967-8a7c-c84d83be4ace,Finland,Finland,Group,post-rock,,0%,No,0,0,0,0,0,,,No,0,0,0,0
Bee,8e3ebb56-a747-45d9-99b9-b50fe3881bf8,Finland,Finland,Person,"pop, singer-songwriter, soul, pop soul",,0%,No,0,0,0,0,0,,,No,0,0,0,0
Before the Dawn,0915e81d-e897-415c-b129-04dab2843240,Finland,Finland,Group,"melodic death metal, metal, gothic metal, death doom metal, death-doom",,0%,No,0,0,0,0,0,,1999,No,0,0,0,0
Beherit,65a8ee1c-20ef-4e2d-bf55-33a35bd7e644,Finland,Finland,Group,"ambient, metal, death metal, black metal, dark ambient, darkness, occult, mysticism, war metal, satanism",,0%,No,0,0,0,0,0,,1989,No,0,0,0,0
Bert,0c7253e0-5f8d-4107-bec4-c031adede2be,Finland,Finland,Person,"lo-fi hip hop, instrumental hip hop, lo-fi, downtempo, instrumental, boom bap, hip hop, chillwave",,0%,No,0,0,0,0,0,,,No,0,0,0,0
Betrayal at Bespin,a950c7c1-6c53-4374-a4d3-0a588595fa06,Finland,Finland,Group,post-rock,,0%,No,0,0,0,0,0,,,No,0,0,0,0
Bloodpit,4355ef74-515b-4421-b5a1-775901449aa6,Finland,Finland,Group,alternative rock,,0%,No,0,0,0,0,0,,1998,No,0,0,0,0
Bloodred Hourglass,42004a2e-4066-4556-ba62-f88b9753f93d,Finland,Finland,Group,"groove metal, metal, melodic death metal, thrash metal",,0%,No,0,0,0,0,0,,2005,No,0,0,0,0
Bomfunk MC’s,5dfbf314-2052-4c3b-9a7a-5270fb3b2a55,Finland,Finland,Group,"pop, hip hop, breakbeat, pop and chart",,0%,No,0,0,0,0,0,,1997,No,0,0,0,0
Bonehunter,1b477133-afaa-435e-9611-670f0d2d0d6d,Finland,Finland,Group,"war, destruction, bitches, horror, black metal, thrash metal",,0%,No,0,0,0,0,0,,2011,No,0,0,0,0
Bronco,8b60a5a3-6ab2-40bc-bbc1-4e4bc331bc67,Finland,Finland,Person,drum and bass,,0%,No,0,0,0,0,0,,,No,0,0,0,0
Brymir,8b848759-779b-4069-bb5c-b4d2b725b4f8,Finland,Finland,Group,"pagan, symphonic metal, melodic death metal, pagan metal, folk metal",,0%,No,0,0,0,0,0,,2006,No,0,0,0,0
Burn!,48ae5f93-4031-4c9f-9237-0c52dac60b63,Finland,Finland,Group,"jazz, soul jazz",,0%,No,0,0,0,0,0,,,No,0,0,0,0
Business City,4ab98d98-da6f-4e2f-9cdc-c5b98cf7e24f,Finland,Finland,Group,"electronic, dance, techno, acid techno, ebm",,0%,No,0,0,0,0,0,,,No,0,0,0,0
CMX,1e6d7f54-95b1-400f-863c-2a72a7494e59,Finland,Finland,Group,"rock, alternative rock, progressive rock, punk, finnish, hardcore punk, finland",,0%,No,0,0,0,0,0,,1985,No,0,0,0,0
Callisto,5a46c1bf-a05e-473c-843d-cbf01c55cfb6,Finland,Finland,Group,"post-rock, doom metal, sludge metal, post-metal, atmospheric sludge metal",,0%,No,0,0,0,0,0,,2001,No,0,0,0,0
Cannibal Accident,8195d698-a61c-43a9-a8ff-d18054c163c3,Finland,Finland,Group,"deathgrind, death metal, grindcore",,0%,No,0,0,0,0,0,,2007,No,0,0,0,0
Cats of Transnistria,43473c7e-9920-4175-931a-255966a74007,Finland,Finland,Group,"dream pop, ambient pop",,0%,No,0,0,0,0,0,,2014,No,0,0,0,0
Celestial Aeon Project,f5336894-1f29-4051-aed0-d586aed1f4e0,Finland,Finland,Person,"ambient, orchestral",,0%,No,0,0,0,0,0,,1981,No,0,0,0,0
Celestial Alignment,a09c6127-7522-404b-b521-d226045af128,Finland,Finland,Person,"lo-fi hip hop, hip hop, chillwave, downtempo, instrumental, boom bap, instrumental hip hop, lo-fi",,0%,No,0,0,0,0,0,,,No,0,0,0,0
Cellular Cat,2e0e6095-7e7b-4c17-8594-a453c2a717c7,Finland,Finland,Person,"chiptune, finnish, synthwave, alternative dance, electroclash",,0%,No,0,0,0,0,0,,,No,0,0,0,0
Champagne,e935f1e5-4be4-44d6-9830-55f970ee9465,Finland,Finland,Person,drum and bass,,0%,No,0,0,0,0,0,,,No,0,0,0,0
Cheek,3eb680dc-4e8d-4c6b-986e-c69e52549df0,Finland,Finland,Person,"rap, electropop, pop rap, finnish rap",,0%,No,0,0,0,0,0,,1981,No,0,0,0,0
Chisu,9b78f51a-c0f2-485c-ba28-fb9bcdb619d1,Finland,Finland,Person,"electronic, pop, art pop, finnish rock, finnish pop",,0%,No,0,0,0,0,0,,1982,No,0,0,0,0
Circle,b5bca2fd-5f64-4a54-b508-1b3070e87d38,Finland,Finland,Group,"experimental rock, heavy metal, experimental, rock, krautrock, progrock, speed-kraut, post-rock, psychedelic rock, avant-rock",,0%,No,0,0,0,0,0,,1991,No,0,0,0,0
Circle of Ouroborus,3bdc4bf0-2bf2-44e9-ae9d-bed6ed4c6424,Finland,Finland,Group,"atmospheric black metal, post-punk, neofolk, dark ambient, blackgaze, black metal",,0%,No,0,0,0,0,0,,2005,No,0,0,0,0
Coconut Girl,6224c4f0-61e7-4393-a660-a7ea232c5449,Finland,Finland,Person,"bubblegum pop, bubblegum dance, synth-pop, eurodance, europop, euro house, pop, electro, finland, techno",,0%,No,0,0,0,0,0,,1981,No,0,0,0,0
Cosmo Jones Beat Machine,7da16b7c-027e-46b1-aea6-04aeae126dcf,Finland,Finland,Group,"tundra boogie, blues",,0%,No,0,0,0,0,0,,1998,No,0,0,0,0
Cosmos Tango,21091f95-604f-4650-b170-81c177301253,Finland,Finland,Group,grunge,,0%,No,0,0,0,0,0,,1995,No,0,0,0,0
Crucify the Faith,a9b77dac-9014-47c0-beb9-2b37a81370ff,Finland,Finland,Group,"melodic metalcore, melodic death metal",,0%,No,0,0,0,0,0,,2014,No,0,0,0,0
D.A.,de4d21dc-9d67-4ae3-9993-a3e2d7e77990,Finland,Finland,Group,"lo-fi, psychedelic rock",,0%,No,0,0,0,0,0,,,No,0,0,0,0
DJ Kridlokk,085d6e38-e860-4847-9317-6e97e4d0f4a7,Finland,Finland,Person,hip hop,,0%,No,0,0,0,0,0,,,No,0,0,0,0
Danny,d04be83f-4330-4144-9c63-078087706582,Finland,Finland,Person,,,0%,No,0,0,0,0,0,,1942,No,0,0,0,0
Darude,9ffad8aa-b671-4a9a-a527-a95bdaaa0ec4,Finland,Finland,Person,"trance, electronic, pop, drum and bass, dubstep, hardcore, dance, house, finnish, electronica",,0%,No,0,0,0,0,0,,1975,No,0,0,0,0
Dave Lindholm,20f9201d-f046-427e-a754-e810836b266f,Finland,Finland,Person,finnish,,0%,No,0,0,0,0,0,,1952,No,0,0,0,0
Dead Shape Figure,bf665135-3852-4a65-a86e-53475ed53b47,Finland,Finland,Group,"melodic death metal, thrash metal",,0%,No,0,0,0,0,0,,2003,No,0,0,0,0
Death Hawks,f99dcd9d-63ec-4a14-9267-d0f8e5524a0a,Finland,Finland,Group,psychedelic rock,,0%,No,0,0,0,0,0,,2010,No,0,0,0,0
Demilich,c12476fc-3f8d-4340-8dba-883bdee08ee7,Finland,Finland,Group,"death metal, technical death metal",,0%,No,0,0,0,0,0,,1990,No,0,0,0,0
Dharma,03b76496-6dd0-4178-a62b-b6fc4b3a4b85,Finland,Finland,Person,drum and bass,,0%,No,0,0,0,0,0,,,No,0,0,0,0
Dice,d081b441-a574-47e2-92db-b457c3d271a5,Finland,Finland,Person,drum and bass,,0%,No,0,0,0,0,0,,,No,0,0,0,0
Dingo,f7c46d72-b6d1-4134-a34a-1f054b1aceb9,Finland,Finland,Group,"rock, pop rock",,0%,No,0,0,0,0,0,,1982,No,0,0,0,0
Divine Decay,936179f6-f126-4041-844f-a0f51250870b,Finland,Finland,Group,thrash metal,,0%,No,0,0,0,0,0,,1999,No,0,0,0,0
Don Johnson Big Band,af409a28-59b6-4a22-bead-aed6ebcbf32a,Finland,Finland,Group,"alternative rock, electronic, hip hop",,0%,No,0,0,0,0,0,,1997,No,0,0,0,0
DraGonis,851ff3cf-dbfb-4e56-b650-c4f3e35093bd,Finland,Finland,Person,edm,,0%,No,0,0,0,0,0,,,No,0,0,0,0
Druadan Forest,14a201fa-aee4-4cbb-9504-0049d8d19f9f,Finland,Finland,,"dungeon synth, fantasy, ambient, atmospheric black metal, epic, black metal, symphonic/black-metal / ambient",,0%,No,0,0,0,0,0,,1998,No,0,0,0,0
EXISTENTIAL DEAD,c869819e-71e9-43a1-b42d-6a19f3a6286f,Finland,Finland,,"post-metal, metalcore",,0%,No,0,0,0,0,0,,,No,0,0,0,0
Edge of Haze,2a20f22b-8ef3-415a-95ac-229fec2702af,Finland,Finland,Group,"progressive rock, progressive metal",,0%,No,0,0,0,0,0,,2010,No,0,0,0,0
Edu Kettunen,8304551b-7ea3-4022-949d-77cbc9c331ae,Finland,Finland,Person,"rock, singer-songwriter",,0%,No,0,0,0,0,0,,1961,No,0,0,0,0
Eero Koivistoinen,e6a4d776-739c-4659-bbde-68f7b8b611eb,Finland,Finland,Person,jazz,,0%,No,0,0,0,0,0,,1946,No,0,0,0,0
Eero Koivistoinen & Co.,14ca1481-e919-456a-9188-965e329dc571,Finland,Finland,Group,"jazz fusion, jazz",,0%,No,0,0,0,0,0,,,No,0,0,0,0
Eero Koivistoinen Music Society,da49f4f3-527d-4a60-800a-4e9f18d12b4b,Finland,Finland,Group,"jazz fusion, jazz",,0%,No,0,0,0,0,0,,,No,0,0,0,0
Eevil Stöö,4ea14f44-0dc4-441b-b9bf-c92141db4c26,Finland,Finland,Person,"trap, cloud rap",,0%,No,0,0,0,0,0,,,No,0,0,0,0
Eino Grön,1a3ecb00-86c5-44ab-a0d0-844892f960cd,Finland,Finland,Person,iskelmä,,0%,No,0,0,0,0,0,,1939,No,0,0,0,0
Elastinen,147074e5-3ac8-478b-a852-daf4326281af,Finland,Finland,Person,"hip hop, pop rap",,0%,No,0,0,0,0,0,,1981,No,0,0,0,0
Eleanoora Rosenholm,30cd038b-0bbc-4e03-8f3e-497c1edffdec,Finland,Finland,Group,"indie pop, art pop",,0%,No,0,0,0,0,0,,,No,0,0,0,0
Eläkeläiset,09c8218d-454a-489f-b500-80b305f79917,Finland,Finland,Group,"finnish, humppa",,0%,No,0,0,0,0,0,,1993,No,0,0,0,0
Ensiferum,6e64cbfa-1a60-450e-81f4-c044c868ab24,Finland,Finland,Group,"melodic death metal, metal, power metal, folk metal, viking metal, viking",,0%,No,0,0,0,0,0,,1995,No,0,0,0,0
Erja Lyytinen,b58cf0ab-c421-4628-8989-b4aa12e8ed76,Finland,Finland,Person,blues,,0%,No,0,0,0,0,0,,1976,No,0,0,0,0
Es,5dbb0ed8-e78f-4b5b-aaee-3c654596757e,Finland,Finland,Person,"ambient, drone",,0%,No,0,0,0,0,0,,,No,0,0,0,0
Esc,79723197-341a-4cf9-a54d-7fd3f5d81e77,Finland,Finland,Person,drum and bass,,0%,No,0,0,0,0,0,,,No,0,0,0,0
Eturivi,9f7fca61-229a-4c7d-b4f4-a97b77af9ac0,Finland,Finland,Group,"electronic, art pop",,0%,No,0,0,0,0,0,,,No,0,0,0,0
Falchion,77dc86cb-4f7c-4847-a716-ae22a4ffe7cd,Finland,Finland,Group,"folk metal, melodic death",,0%,No,0,0,0,0,0,,2002,No,0,0,0,0
Fanu,cdd61981-4dda-4990-aaa4-37c96fe30aa8,Finland,Finland,Person,"breaks, drum and bass",,0%,No,0,0,0,0,0,,1980,No,0,0,0,0
Ferus Melek,57766674-6713-4671-bb3c-823056f9df64,Finland,Finland,Person,"dark electro, synthwave, darksynth, retrowave, darkwave",,0%,No,0,0,0,0,0,,,No,0,0,0,0
Finntroll,14962b84-c46a-490b-b6a0-ee69c78b2291,Finland,Finland,Group,"swedish, metal, finnish, black metal, folk metal, finland, humppa metal, swedish lyrics, troll metal, suomi",,0%,No,0,0,0,0,0,,1997,No,0,0,0,0
Fintelligens,9f3fdea7-a51b-4783-b326-e001948bbf45,Finland,Finland,Group,hip hop,,0%,No,0,0,0,0,0,,1997,No,0,0,0,0
Forces,ccd36e20-4fa4-4b2e-b2d1-97bd29e9e99f,Finland,Finland,Person,"experimental, electronic",,0%,No,0,0,0,0,0,,,No,0,0,0,0
Forgotten Horror,3e50cf34-37ad-41e9-8e96-0459ab392fef,Finland,Finland,Group,"occultism, satanism, blackened thrash metal, thrash metal",,0%,No,0,0,0,0,0,,2004,No,0,0,0,0
Força Macabra,fe610c4d-55d2-466c-9427-614b59d351b5,Finland,Finland,Group,"hardcore metal, thrash metal, hardcore punk",,0%,No,0,0,0,0,0,,1991,No,0,0,0,0
Fractal Man,355ffff2-ab4f-44a5-9d9a-d6a9c392e680,Finland,Finland,,"electronic, downtempo, dance, house",,0%,No,0,0,0,0,0,,2018,No,0,0,0,0
Freckleface,3a5a19c9-8122-40bb-bd0f-7bee81d725f9,Finland,Finland,Person,"dream pop, indie pop, indie rock, psychedelic pop",,0%,No,0,0,0,0,0,,,No,0,0,0,0
Frederik,4b598be3-8f19-4b21-bcf7-1bbda1d58d39,Finland,Finland,Person,,,0%,No,0,0,0,0,0,,1945,No,0,0,0,0
Förgjord,506cb4c9-79b0-4b41-9d0f-d9c8db64da75,Finland,Finland,Group,"satanism, black metal, lycanthropia",,0%,No,0,0,0,0,0,,1995,No,0,0,0,0
Garden of Worm,55f9efed-ac98-4c42-bb70-6aa08fe667c0,Finland,Finland,Group,"metal, doom metal, psychedelic, psychedelic rock",,0%,No,0,0,0,0,0,,2003,No,0,0,0,0
Gasellit,98fb770e-142f-4bb9-992b-e91d4ae11a81,Finland,Finland,Group,"hip hop, pop rap",,0%,No,0,0,0,0,0,,,No,0,0,0,0
Genocide,d53c4f22-8d87-4c8c-92f3-9691d8f10e0c,Finland,Finland,Group,progressive metal,,0%,No,0,0,0,0,0,,2000,No,0,0,0,0
Gloomy Grim,4d359381-3686-4674-a851-20d14c82fea5,Finland,Finland,Group,"anti-christianity, darkness, horror, satan, war, black metal, symphonic black metal, death",,0%,No,0,0,0,0,0,,1995,No,0,0,0,0
Gnu,f82ad187-3d6d-4666-a12e-95fff9161d21,Finland,Finland,Group,jazz and blues,,0%,No,0,0,0,0,0,,,No,0,0,0,0
Goatmoon,4331da4f-052e-42b1-aba9-e69ebeb328ee,Finland,Finland,Group,"nsbm, black metal, metal",,0%,No,0,0,0,0,0,,2002,No,0,0,0,0
Goldielocks,441f8d9e-3d21-41fd-8e41-c1330ed7815b,Finland,Finland,Person,"pop, synth-pop, suomi pop, umk 2025",,0%,No,0,0,0,0,0,,2001,No,0,0,0,0
Goon,c6e90d26-8d36-4f6c-b353-74ac8c32ab6a,Finland,Finland,Group,ska,,0%,No,0,0,0,0,0,,2001,No,0,0,0,0
Grande Mahogany,cce3fef1-eed5-46bc-8daf-c874e1687e6c,Finland,Finland,Group,"funk, psychedelic rock, neo-psychedelia",,0%,No,0,0,0,0,0,,,No,0,0,0,0
Greenrose Faire,258ad750-4954-45fa-9e91-9e8404097682,Finland,Finland,Group,folk rock,,0%,No,0,0,0,0,0,,2007,No,0,0,0,0
H-M O,036775b1-ceac-43f5-846a-4507b487f0fd,Finland,Finland,Person,"noise, ambient, experimental, drone",,0%,No,0,0,0,0,0,,,No,0,0,0,0
Haloo Helsinki!,e80bb0ef-c6bb-4769-8d35-4904617c5704,Finland,Finland,Group,"pop, alternative rock, finnish, punk rock, post-punk, indie rock, pop rock, europop, euro-pop, alternative/indie rock",,0%,No,0,0,0,0,0,,2006,No,0,0,0,0
Hanging Garden,2920ec0c-96fb-41de-bde9-a692908ffd92,Finland,Finland,Group,"metal, gothic metal, doom metal, death-doom metal",,0%,No,0,0,0,0,0,,2004,No,0,0,0,0
Hausmylly,58cbceba-3776-424d-a75a-c7947f8a1394,Finland,Finland,Group,"pop rap, dance",,0%,No,0,0,0,0,0,,1989,No,0,0,0,0
Hector,600bec42-17d9-432b-949c-9ec362b13348,Finland,Finland,Person,"finnish rock, folk rock",,0%,No,0,0,0,0,0,,1947,No,0,0,0,0
Heikki Kuula,93e117c4-ff07-4f6e-a9a1-f3e4a556e846,Finland,Finland,Person,hip hop,,0%,No,0,0,0,0,0,,1983,No,0,0,0,0
Heikki Sarmanto,aef767a2-2407-4160-8396-0eafbbe1c7a6,Finland,Finland,Person,"jazz, jazz fusion, avant-garde jazz, contemporary jazz",,0%,No,0,0,0,0,0,,1939,No,0,0,0,0
Hevein,c1ff0be7-b894-4881-9571-b5175009912b,Finland,Finland,Group,"progressive metal, symphonic thrash metal",,0%,No,0,0,0,0,0,,1992,No,0,0,0,0
Hexvessel,a7ee612d-1f9b-4446-8765-9d178ead346c,Finland,Finland,Group,"black metal, folk rock, psychedelic rock, psychedelic folk, avant-garde black metal, ritual folk psychedelia",,0%,No,0,0,0,0,0,,2009,No,0,0,0,0
Hooded Menace,2de34daa-7256-495f-84c2-9f7459748492,Finland,Finland,Group,"metal, finnish, death metal, doom metal, death-doom metal, death doom metal",,0%,No,0,0,0,0,0,,2007,No,0,0,0,0
Horizon Ignited,c8189cda-1da8-4c99-99b9-7649786c5e97,Finland,Finland,Group,"melodic death metal, metalcore",,0%,No,0,0,0,0,0,,2017,No,0,0,0,0
Horna,4fa62d5a-89aa-4a5e-b383-b29396eb5c94,Finland,Finland,Group,"metal, black metal, darkness, evil, paganism, occultism, satanism",,0%,No,0,0,0,0,0,,1994,No,0,0,0,0
Huge L,600049b6-e3e0-4bad-9287-5b02df752b7b,Finland,Finland,Person,,,0%,No,0,0,0,0,0,,,No,0,0,0,0
Hurriganes,1997642e-b202-426d-8fab-50e4c5dc095e,Finland,Finland,Group,"rock, rock and roll, roots rock",,0%,No,0,0,0,0,0,,1971,No,0,0,0,0
Husky Rescue,0b6b5e56-9c72-4106-8285-60c4983af93f,Finland,Finland,Group,"dream pop, indie pop",,0%,No,0,0,0,0,0,,2002,No,0,0,0,0
Hussain Ali,3e1c995a-b16d-4038-a11f-086925b94b6e,Finland,Finland,Person,"hip hop, lo-fi hip hop, downtempo, chillwave, instrumental hip hop, instrumental, lo-fi, boom bap",,0%,No,0,0,0,0,0,,,No,0,0,0,0
Häive,5c73ccbb-fce6-416f-a7ce-5dafe3a12f87,Finland,Finland,Group,"folk metal, black metal, pagan black metal, nature, sorrow, death",,0%,No,0,0,0,0,0,,2002,No,0,0,0,0
I.corax,08ffade0-8668-4040-874b-5ef1d61df50e,Finland,Finland,Group,dark ambient,,0%,No,0,0,0,0,0,,1999,No,0,0,0,0
Iamsin,2919df71-69d8-4454-93ba-e02e60a75bab,Finland,Finland,Group,metalcore/(post-)hardcore / melodic death-metal,,0%,No,0,0,0,0,0,,2014,No,0,0,0,0
Igor Swamp,8c9a4d57-1274-42b5-aabf-66a90478ab1c,Finland,Finland,Person,"finland, psytrance, electronic, psy-trance, psychedelic, psychedelic trance, trance, suomi, suomisaundi",,0%,No,0,0,0,0,0,,,No,0,0,0,0
Iiro Rantala,0a59b069-2fc8-452c-9876-998a941c198c,Finland,Finland,Person,jazz,,0%,No,0,0,0,0,0,,1970,No,0,0,0,0
Impaled Nazarene,2228019e-67b4-4d2e-a101-f2d5dcaf892f,Finland,Finland,Group,"metal, black metal, death, sex, politics, violence, nuclear war, satanism, goats, finnish patriotism",,0%,No,0,0,0,0,0,,1990,No,0,0,0,0
Infader,4990601b-00c1-4487-8162-049a525e0d2c,Finland,Finland,Person,drum and bass,,0%,No,0,0,0,0,0,,,No,0,0,0,0
Insomnium,c1f8e226-75ea-4fe6-83ce-59c122bcbca4,Finland,Finland,Group,"melodic death metal, metal, death metal, doom metal, neofolk",,0%,No,0,0,0,0,0,,1997,No,0,0,0,0
Irina,8b95d10e-bc87-4aab-9404-39941f76bcb8,Finland,Finland,Person,"pop, pop rock, alternative pop, teen pop, alternative/indie rock",,0%,No,0,0,0,0,0,,1975,No,0,0,0,0
Islaja,b9ffe330-729d-434b-b34b-9dce5bad0f70,Finland,Finland,Person,psychedelic,,0%,No,0,0,0,0,0,,1979,No,0,0,0,0
Iterum Nata,07467778-7240-42df-8367-a3c65ef072cb,Finland,Finland,Group,"psychedelic folk, psychedelic rock",,0%,No,0,0,0,0,0,,,No,0,0,0,0
Itä‐Saksa,16cd04be-8121-4f0b-a56d-411ed09a676e,Finland,Finland,Group,"industrial metal, experimental",,0%,No,0,0,0,0,0,,,No,0,0,0,0
JPP,5e05459d-76d5-4fd5-9000-9eedae6e832b,Finland,Finland,Group,folk,,0%,No,0,0,0,0,0,,1982,No,0,0,0,0
JVG,cbd24e0e-2e3d-437f-a857-6ee30478605a,Finland,Finland,Group,"hip hop, pop rap, rapping, sport rap",,0%,No,0,0,0,0,0,,2009,No,0,0,0,0
Jaakko Eino Kalevi,81590419-e62c-43dd-9097-aaf6274c77cc,Finland,Finland,Person,electronic,,0%,No,0,0,0,0,0,,,No,0,0,0,0
Janna,b5b1055b-c8f5-4c71-b477-a66d63246395,Finland,Finland,Person,"pop, soul, international, r&b, finnish rock, finnish pop",,0%,No,0,0,0,0,0,,1981,No,0,0,0,0
Janne Westerlund,ceb64362-9621-48b4-99fc-bcff703e69b9,Finland,Finland,Person,singer-songwriter,,0%,No,0,0,0,0,0,,1973,No,0,0,0,0
Jari Sillanpää,973c00fb-ebdf-4436-a36b-8565fa32b82b,Finland,Finland,Person,,,0%,No,0,0,0,0,0,,1965,No,0,0,0,0
Jarkka Rissanen,bb7f4808-a712-4477-a0ab-b1e1327fa8a3,Finland,Finland,Person,"rock, blues",,0%,No,0,0,0,0,0,,1956,No,0,0,0,0
Jenni Vartiainen,79494a58-eb27-49d1-8969-f1eac5433b5d,Finland,Finland,Person,"pop, pop rock, art pop, finnish rock, finnish pop",,0%,No,0,0,0,0,0,,1983,No,0,0,0,0
Jess and the Ancient Ones,d1a5fe13-837b-47c6-9cde-a42decd1ad2f,Finland,Finland,Group,"rock, psychedelic rock, occult rock, occult",,0%,No,0,0,0,0,0,,2010,No,0,0,0,0
Jimi Sumén,346d7e1a-f90c-4f23-9839-a13e34771e5e,Finland,Finland,Person,"rock, jazz fusion, avant-garde jazz",,0%,No,0,0,0,0,0,,1959,No,0,0,0,0
Jimi Tenor,41521210-ef91-49cc-9b0b-55ca8f9f053c,Finland,Finland,Person,"electronic, finnish, electronica, ambient techno, european, warp",,0%,No,0,0,0,0,0,,1965,No,0,0,0,0
Jippu,c8178f7e-7649-4c2d-9c63-0627a3594fd4,Finland,Finland,Person,"pop, alternative pop, alternative/indie rock, contemporary singer/songwriter, finnish pop",,0%,No,0,0,0,0,0,,1985,No,0,0,0,0
Joa,9f086e18-0bca-4487-8980-1c9471f22582,Finland,Finland,Person,"pop, dance, house, electronica, edm, melodic techno, melodic house, finnish hip hop",,0%,No,0,0,0,0,0,,,No,0,0,0,0
Joel Kalsi,6330f2aa-07a3-4b68-b09d-51f4ba67a349,Finland,Finland,Person,house,,0%,No,0,0,0,0,0,,1980,No,0,0,0,0
Johanna Kurkela,de3fa323-e300-47e6-baa9-e186a074ebb8,Finland,Finland,Person,"pop, folk music, alternative/indie rock, adult alternative pop/rock, scandinavian pop, johanna kurkela",,0%,No,0,0,0,0,0,,1985,No,0,0,0,0
Jokujekku,a26b0abf-79e5-48ce-96cd-02df62d59446,Finland,Finland,Person,"downtempo, instrumental, hip hop, lo-fi, boom bap, chillwave, instrumental hip hop, lo-fi hip hop",,0%,No,0,0,0,0,0,,,No,0,0,0,0
Jolly Jumpers,0c88b21f-4a23-4949-8613-277589d38530,Finland,Finland,Group,"rock, garage rock, alternative country",,0%,No,0,0,0,0,0,,1980,No,0,0,0,0
Joose Keskitalo,a7b3fee7-f5d5-4caf-a31e-a2b410baf97a,Finland,Finland,Person,singer-songwriter,,0%,No,0,0,0,0,0,,1982,No,0,0,0,0
Juha Tapio,f11a8b5c-93ef-42bd-97bc-d93d00538a9d,Finland,Finland,Person,"pop, schlager, pop rock, country pop, folk pop, gospel music, schlager music",,0%,No,0,0,0,0,0,,1974,No,0,0,0,0
Juhani Aaltonen,067130a6-8986-47cd-ac6b-80dd37da78b8,Finland,Finland,Person,"free jazz, jazz",,0%,No,0,0,0,0,0,,1935,No,0,0,0,0
Jukio Kallio,3caee508-608d-4d6b-96d4-cf8349d62f09,Finland,Finland,Person,"_edit, edm, vgm, video game music",,0%,No,0,0,0,0,0,,,No,0,0,0,0
Jukka Kuoppamäki,7fa60724-bc8a-44c7-9a5d-363430283095,Finland,Finland,Person,,,0%,No,0,0,0,0,0,,1942,No,0,0,0,0
Jukka Linkola,24d5a370-c353-4cef-af52-d47d41022e6d,Finland,Finland,Person,"jazz fusion, finnish composer, finnish pianist, composer, pianist, classical",,0%,No,0,0,0,0,0,,1955,No,0,0,0,0
Jukka Poika,c7460072-196a-4392-a582-8c93a211055b,Finland,Finland,Person,reggae,,0%,No,0,0,0,0,0,,1980,No,0,0,0,0
Jukka Tolonen,e129cf44-d385-497e-872a-0dc2704a4687,Finland,Finland,Person,"jazz rock, contemporary jazz, finnish, european, jazz",,0%,No,0,0,0,0,0,,1952,No,0,0,0,0
Jukkis Uotila,159254a6-0c91-437a-990a-32f77db8fa0f,Finland,Finland,Person,"jazz, jazz fusion, post-bop",,0%,No,0,0,0,0,0,,1960,No,0,0,0,0
Julma H,fb2c5c55-218d-4fd5-8f65-d695087999f5,Finland,Finland,Person,hip hop,,0%,No,0,0,0,0,0,,,No,0,0,0,0
Jumalhämärä,90dfc0ef-f50d-4707-8b5e-c4dc559b7abd,Finland,Finland,Group,"enlightenment, experimental, ambient, righteousness, black metal",,0%,No,0,0,0,0,0,,1996,No,0,0,0,0
KASPERG,73548e0e-0e85-4a8c-8521-43f9073c4ba4,Finland,Finland,Person,"pop, producer, spotify, commercial, synth-pop, solo artist, edm",,0%,No,0,0,0,0,0,,,No,0,0,0,0
KYPCK,995cad33-034c-4aa0-ac5b-b2d5b654c5ff,Finland,Finland,Group,doom metal,,0%,No,0,0,0,0,0,,2007,No,0,0,0,0
Kaija Koo,446455f2-7d62-45ca-a7ef-53c1c676ac5c,Finland,Finland,Person,pop,,0%,No,0,0,0,0,0,,1962,No,0,0,0,0
Kalmah,8d5291bc-e960-428a-9004-b5ab9c171dd2,Finland,Finland,Group,"melodic death metal, death metal",,0%,No,0,0,0,0,0,,1998,No,0,0,0,0
Kalmankantaja,28240f99-fcce-4577-8e2a-966000957603,Finland,Finland,Group,"depressive black metal, atmospheric black metal, death, black metal, nature, satanism, solitude, occult",,0%,No,0,0,0,0,0,,2011,No,0,0,0,0
Kari Peitsamo,749b8bbf-64f8-48c4-b379-fd16c874a93b,Finland,Finland,Person,,,0%,No,0,0,0,0,0,,1957,No,0,0,0,0
Karina,a7e3e19f-91bb-4c80-b90b-05ebba1f1599,Finland,Finland,Group,"folk pop, indie folk, dream pop, pop, folk, ambient pop, indie pop",,0%,No,0,0,0,0,0,,2014,No,0,0,0,0
Kasmir,d058b971-be6f-4027-b820-c23b3d12ce6e,Finland,Finland,Person,"soul, pop soul",,0%,No,0,0,0,0,0,,1985,No,0,0,0,0
Katri Helena,c6b7656c-c921-4f49-8510-f48055756076,Finland,Finland,Person,"pop, iskelmä",,0%,No,0,0,0,0,0,,1945,No,0,0,0,0
Kauko Röyhkä,4b4e50fc-ec3c-4ccc-aa50-768a7ca1ab85,Finland,Finland,Person,rock,,0%,No,0,0,0,0,0,,1959,No,0,0,0,0
Kemialliset Ystävät,2c865d35-e91b-4653-9de4-1f102137fdb2,Finland,Finland,Group,"new weird finland, free folk, psychedelic folk",,0%,No,0,0,0,0,0,,,No,0,0,0,0
Kerkko Koskinen Kollektiivi,489e2c74-643b-4c05-842c-c5b96fc68b64,Finland,Finland,Group,art pop,,0%,No,0,0,0,0,0,,,No,0,0,0,0
Kevin,e1d25bbc-408e-42fd-b717-0cef8d7f0081,Finland,Finland,Group,indie pop,,0%,No,0,0,0,0,0,,,No,0,0,0,0
Kilpi,fc5a82a3-a32e-487e-b670-228e0df546a4,Finland,Finland,Group,heavy metal,,0%,No,0,0,0,0,0,,2002,No,0,0,0,0
Kisu,f19af358-b342-4892-8576-df62218cef7c,Finland,Finland,Person,"singer-songwriter, iskelmä",,0%,No,0,0,0,0,0,,1951,No,0,0,0,0
Klamydia,54906119-a131-4056-98f9-4b27dd9ba729,Finland,Finland,Group,"punk, finland",,0%,No,0,0,0,0,0,,1988,No,0,0,0,0
Kolmas Nainen,7283c23d-38b8-4522-af24-1651136367aa,Finland,Finland,Group,"pop rock, rock",,0%,No,0,0,0,0,0,,1982,No,0,0,0,0
Korpiklaani,50eec634-7c42-41ee-9b1f-b41d9ca28b26,Finland,Finland,Group,"metal, finnish, folk metal, finlandia",,0%,No,0,0,0,0,0,,2003,No,0,0,0,0
Kotiteollisuus,44f49e8d-125c-47d4-bab1-37a8a46c5eb9,Finland,Finland,Group,"rock, heavy metal, finnish",,0%,No,0,0,0,0,0,,1991,No,0,0,0,0
Kuolemanlaakso,0545757a-aa96-4237-afad-95424d212a0a,Finland,Finland,Group,doom metal,,0%,No,0,0,0,0,0,,2010,No,0,0,0,0
Kuollut,cdaa87f2-bbdc-4103-ae2d-0e9d39d0b8a9,Finland,Finland,Person,"electronic, ambient, witch house",,0%,No,0,0,0,0,0,,,No,0,0,0,0
Kuusumun Profeetta,ce131ba3-ff96-4584-b663-6cc75877af86,Finland,Finland,Group,psychedelic folk,,0%,No,0,0,0,0,0,,1994,No,0,0,0,0
Käärijä,7d863b14-ff39-49e0-9efc-956e15769457,Finland,Finland,Person,"alternative rap, eurovision 2023 artists",,0%,No,0,0,0,0,0,,1993,No,0,0,0,0
Kêres,253a657e-d9d5-4972-a0bc-66a813878b57,Finland,Finland,Group,black metal,,0%,No,0,0,0,0,0,,,No,0,0,0,0
L.A.O.S.,3b562407-2d7d-44fa-8025-4af79e48e725,Finland,Finland,Group,"dance and electronica, drum and bass",,0%,No,0,0,0,0,0,,,No,0,0,0,0
LAB,f624f0d4-94e9-44d5-8108-1bd6ada5b45c,Finland,Finland,Group,"alternative rock, rock",,0%,No,0,0,0,0,0,,1997,No,0,0,0,0
LAHO,1e713689-1e8d-445c-8ecb-7756812cb9ec,Finland,Finland,Group,"electronic, industrial, industrial rock, industrial metal, synthwave",,0%,No,0,0,0,0,0,,2006,No,0,0,0,0
Lackluster,7e31d421-093d-464f-bc19-7df2b2473748,Finland,Finland,Person,"electronic, idm",,0%,No,0,0,0,0,0,,1978,No,0,0,0,0
Laivue,1a1d18fe-31db-48dc-aab7-65e19729ae60,Finland,Finland,Group,"post-rock, indie rock",,0%,No,0,0,0,0,0,,,No,0,0,0,0
Lala Salama,defbcce5-e467-4d4e-99f0-91624086b340,Finland,Finland,Group,"indie rock, shoegaze",,0%,No,0,0,0,0,0,,,No,0,0,0,0
Lau Nau,a7a48193-76a8-4a7c-806a-cdc419d0a52e,Finland,Finland,Person,"ambient, chamber folk, folk pop",,0%,No,0,0,0,0,0,,1980,No,0,0,0,0
Laughing Sam’s Dolphin,d8ca1cbc-a7b4-4a2b-936c-82e47819d4a9,Finland,Finland,Group,grunge,,0%,No,0,0,0,0,0,,,No,0,0,0,0
Laura Moisio,5243d845-6335-470d-a752-5a2542ba7728,Finland,Finland,Person,"folk pop, singer-songwriter, contemporary folk",,0%,No,0,0,0,0,0,,1987,No,0,0,0,0
Laveerre,8c0e9116-1df8-4122-bb46-6aed9ec66973,Finland,Finland,Person,hip hop,,0%,No,0,0,0,0,0,,,No,0,0,0,0
Lavis,a8fa7329-85c7-404a-9e54-058589466972,Finland,Finland,Person,hip hop,,0%,No,0,0,0,0,0,,,No,0,0,0,0
Leningrad Cowboys,bd872e2f-3dce-4932-b8dc-91cf949cfbb5,Finland,Finland,Group,"rock, hard rock, folk rock, comedy rock, novelty",,0%,No,0,0,0,0,0,,1986,No,0,0,0,0
Less Gravity,0d38ff4f-725b-4db3-bd1c-8b7456c44d65,Finland,Finland,Person,"hip hop, chillwave, instrumental hip hop, lo-fi, instrumental, lo-fi hip hop, downtempo, boom bap",,0%,No,0,0,0,0,0,,,No,0,0,0,0
Leverage,ae641868-c11d-46e4-af67-b56d211eef1d,Finland,Finland,Group,"heavy metal, power metal",,0%,No,0,0,0,0,0,,2005,No,0,0,0,0
Liekki,5b67e977-4d74-44bd-9662-8d592977fe76,Finland,Finland,Group,"indie pop, progressive pop",,0%,No,0,0,0,0,0,,2000,No,0,0,0,0
Liisa Akimof,40e60a53-d28b-494b-b045-8fb7adaa60d1,Finland,Finland,Person,singer-songwriter,,0%,No,0,0,0,0,0,,1962,No,0,0,0,0
Litku Klemetti,ada4bd5c-9ac0-414a-a2f1-5e7836b7b27e,Finland,Finland,Person,"synth-pop, psychedelic pop",,0%,No,0,0,0,0,0,,1987,No,0,0,0,0
Locomotora,d69c0878-cfb2-4aee-9471-623ec884bb68,Finland,Finland,Group,post-rock,,0%,No,0,0,0,0,0,,2006,No,0,0,0,0
Lodger,8061867a-04bd-4dd2-9e1e-37f6d86d58b7,Finland,Finland,Group,"indie rock, indie",,0%,No,0,0,0,0,0,,2002,No,0,0,0,0
Lord Vicar,613fbd9f-aff6-4839-9c57-6e99dd64ecda,Finland,Finland,Group,doom metal,,0%,No,0,0,0,0,0,,2007,No,0,0,0,0
Lordi,b5b4ba6e-6e34-4669-a33b-0d813b4c3d83,Finland,Finland,Group,"metal, finnish, hard rock, speed metal, eurovision, esc",,0%,No,0,0,0,0,0,,1992,No,0,0,0,0
Lost Society,0a297c4d-9e26-4428-ba33-e99722eeed87,Finland,Finland,Group,"thrash metal, metal",,0%,No,0,0,0,0,0,,2010,No,0,0,0,0
Loud Lights,4dc28962-9694-4101-b9c8-1d1c2de576b3,Finland,Finland,Group,"rock, grunge, psychedelic rock, psychedelic, indie, alternative",,0%,No,0,0,0,0,0,,2014,No,0,0,0,0
Luomo,d0eb9b16-9fb0-4368-9024-2042a60f2ee2,Finland,Finland,Person,"microhouse, house",,0%,No,0,0,0,0,0,,1976,No,0,0,0,0
Lyyti,30d9a1e7-5cb2-4dae-999a-57d697e37af1,Finland,Finland,Person,"singer-songwriter, indie pop, progressive pop",,0%,No,0,0,0,0,0,,1994,No,0,0,0,0
M,c4077d8b-44ea-4195-9c9f-53b83e21d057,Finland,Finland,Person,art pop,,0%,No,0,0,0,0,0,,,No,0,0,0,0
M.A. Numminen,7e93517b-897f-43f7-bee9-8bdb7bd1c9b1,Finland,Finland,Person,rock,,0%,No,0,0,0,0,0,,1940,No,0,0,0,0
Maarit,89bf49b4-f799-44ae-9f12-14bfc927d36e,Finland,Finland,Person,"pop, finnish",,0%,No,0,0,0,0,0,,1953,No,0,0,0,0
Maj Mason,2939228b-3e74-4dc1-b19e-51f940656aa5,Finland,Finland,Person,"dark synth, industrial, dark industrial, synthwave, finland",,0%,No,0,0,0,0,0,,,No,0,0,0,0
Malpractice,1b6e7d03-ac50-456c-85f3-6e0a66dd9067,Finland,Finland,Group,"progressive metal, hard rock, finland",,0%,No,0,0,0,0,0,,1994,No,0,0,0,0
Malum,5b6407d3-f90b-4164-9339-5add0a1116a2,Finland,Finland,Group,"black metal, satanism",,0%,No,0,0,0,0,0,,2013,No,0,0,0,0
Mamba,d58c97aa-27ec-46a6-b632-31f54afbbe15,Finland,Finland,Group,,,0%,No,0,0,0,0,0,,1984,No,0,0,0,0
Manolo,6d612dc6-1b74-4a9d-9f37-316b67e4aa6b,Finland,Finland,Person,"house, indie dance, nu disco",,0%,No,0,0,0,0,0,,,No,0,0,0,0
Marion,52e90deb-1bcc-45c3-b2d3-9eed246cf063,Finland,Finland,Person,"pop, finnish, schlager",,0%,No,0,0,0,0,0,,1945,No,0,0,0,0
Marjo Leinonen,4371cae0-4fe6-4a21-938e-32107367d963,Finland,Finland,Person,"rock, pop, blues",,0%,No,0,0,0,0,0,,1966,No,0,0,0,0
Markku Aro,1b013b59-f2b7-4b94-aa8b-02248015cd73,Finland,Finland,Person,finnish,,0%,No,0,0,0,0,0,,1950,No,0,0,0,0
Markku Ounaskari,348b7805-9a0b-404d-bca7-387a2c24590f,Finland,Finland,Person,"jazz fusion, jazz, free jazz",,0%,No,0,0,0,0,0,,1967,No,0,0,0,0
Marko Laine,64ace577-8404-4f6c-a6ef-9428d4b80296,Finland,Finland,Person,"dance, techno",,0%,No,0,0,0,0,0,,,No,0,0,0,0
Marvin,8fc4ce95-c22d-44bb-ab55-a3fe06860153,Finland,Finland,Person,drum and bass,,0%,No,0,0,0,0,0,,,No,0,0,0,0
Matti ja Teppo,eb646490-1356-4c19-bdea-01fd008c593a,Finland,Finland,Group,,,0%,No,0,0,0,0,0,,,No,0,0,0,0
Maustetytöt,d3e47480-36ff-4135-b6ad-dc1a60205c1a,Finland,Finland,Group,"indie pop, pop rock, synth-pop, melancholic",,0%,No,0,0,0,0,0,,2017,No,0,0,0,0
Max Lilja,fc6c07b0-e05d-4fa8-a29b-1f49184efdab,Finland,Finland,Person,"cello, elecronica, acoustic, electric, apocalyptica, hevein, tarja",,0%,No,0,0,0,0,0,,1975,No,0,0,0,0
Max on the Rox,ffb40b47-eae8-400e-b4d6-ec33e6cfdbb5,Finland,Finland,Group,blues rock,,0%,No,0,0,0,0,0,,1997,No,0,0,0,0
Mea,ffda9089-dc98-4fe7-aa77-4b2c6d9da8f6,Finland,Finland,Person,pop soul,,0%,No,0,0,0,0,0,,1987,No,0,0,0,0
Metallileka,34c319d0-3b7f-4b8b-99db-820e37a9b122,Finland,Finland,Group,"metallileka, metal, heavy metal, progressive metal, symphonic metal, metalcore, finland, finnish, melodic, male vocals",,0%,No,0,0,0,0,0,,2009,No,0,0,0,0
Michael Cassette,b9d537a1-a655-4c71-8466-0a65d69dc012,Finland,Finland,Group,"synthwave, progressive house",,0%,No,0,0,0,0,0,,,No,0,0,0,0
Mika Kallio,6e28074f-977a-4e41-93fa-aca8b5e4b5e9,Finland,Finland,Person,"jazz fusion, free jazz",,0%,No,0,0,0,0,0,,1974,No,0,0,0,0
Mikael Gabriel,318e7af0-a6b5-44f3-b7d9-b5d33a377b99,Finland,Finland,Person,"pop rap, hip hop",,0%,No,0,0,0,0,0,,1990,No,0,0,0,0
Mikko Alatalo,bbfc5c53-a910-4d9d-a703-9198715279cd,Finland,Finland,Person,"pop, manserock",,0%,No,0,0,0,0,0,,1951,No,0,0,0,0
Mikko Joensuu,1879f99d-e3fe-4013-9fb4-1ffd68b3e33f,Finland,Finland,Person,"dream pop, progressive electronic",,0%,No,0,0,0,0,0,,1986,No,0,0,0,0
Milla Lehto,fe325e2a-d318-4b44-abda-f467494c17a8,Finland,Finland,Person,techno,,0%,No,0,0,0,0,0,,1977,No,0,0,0,0
Mineral,b92fbf93-4e2d-424d-a888-7da5fc41d0b6,Finland,Finland,Person,drum and bass,,0%,No,0,0,0,0,0,,,No,0,0,0,0
Minä ja Ville Ahonen,683aab5c-0c29-49f3-a7e4-f1c5cf4c6e17,Finland,Finland,Group,"indie pop, chamber pop",,0%,No,0,0,0,0,0,,,No,0,0,0,0
Mirel Wagner,7f9ce8cb-1b04-4f22-998f-00d91b0cca8e,Finland,Finland,Person,"alternative rock, indie rock, indie folk",,0%,No,0,0,0,0,0,,1987,No,0,0,0,0
Misha,da31f94b-86c4-4611-8f59-ce4910079ead,Finland,Finland,Person,"instrumental, boom bap, instrumental hip hop, lo-fi hip hop, downtempo, hip hop, chillwave, lo-fi",,0%,No,0,0,0,0,0,,,No,0,0,0,0
Mokoma,e979c1bc-5cc2-497b-801f-823244a9166d,Finland,Finland,Group,"thrash metal, metal, death metal, alternative metal",,0%,No,0,0,0,0,0,,1996,No,0,0,0,0
Monma,21ec9aec-c067-4b0f-ba7f-0837bae6e31a,Finland,Finland,Person,"lo-fi hip hop, hip hop, instrumental hip hop, chillwave, lo-fi, downtempo, instrumental, boom bap",,0%,No,0,0,0,0,0,,,No,0,0,0,0
Moonshine Mojo,4f2bcb63-a0d9-4f7e-a735-402f575f2d4b,Finland,Finland,Group,"blues, delta blues, blues rock, rock",,0%,No,0,0,0,0,0,,,No,0,0,0,0
Morphology,543a21fc-75e7-4283-b1d0-9f00a3c4d576,Finland,Finland,Group,"electronic, electro, techno, acid techno",,0%,No,0,0,0,0,0,,,No,0,0,0,0
Mors Principium Est,8d08484c-c532-457a-a04c-2510da38744e,Finland,Finland,Group,"melodic death metal, death metal, technical death metal",,0%,No,0,0,0,0,0,,1999,No,0,0,0,0
Movement Machina,cb3e5b43-4dff-4170-bceb-413fd6fc93af,Finland,Finland,Person,"progressive trance, progressive house, melodic techno, melodic house",,0%,No,0,0,0,0,0,,,No,0,0,0,0
Mr Velcro Fastener,30d84c8b-23e2-490a-80b4-828f0cff24b8,Finland,Finland,Group,electronic,,0%,No,0,0,0,0,0,,,No,0,0,0,0
Muffler,efc210f8-46a2-43e1-8b17-9da31f721ca4,Finland,Finland,Person,"electronic, dubstep, drum and bass",,0%,No,0,0,0,0,0,,,No,0,0,0,0
National Napalm Syndicate,9afe0882-0cbc-4f97-ac93-03a9205d0f0b,Finland,Finland,Group,thrash metal,,0%,No,0,0,0,0,0,,1986,No,0,0,0,0
Neljä Ruusua,b74cb0c9-86fe-426c-9d3b-f07f6a2936d5,Finland,Finland,Group,finnish,,0%,No,0,0,0,0,0,,1982,No,0,0,0,0
Nest,a2b1a5f6-92d2-4039-8e55-47360a77957e,Finland,Finland,Group,ambient,,0%,No,0,0,0,0,0,,1999,No,0,0,0,0
Netrum,e654be5a-53e6-4e7a-9c78-2e14428e893a,Finland,Finland,Person,"electronic, house, edm",,0%,No,0,0,0,0,0,,,No,0,0,0,0
Neøv,ff8bd9c1-f689-4da0-9fce-01aaf2fdf0a5,Finland,Finland,Group,"dream pop, indie pop",,0%,No,0,0,0,0,0,,2012,No,0,0,0,0
Nicole Willis,3d90c8e4-6ae5-47f8-955b-d38dd0e20311,Finland,Finland,Person,soul,,0%,No,0,0,0,0,0,,1963,No,0,0,0,0
NightStop,692d52cc-2e26-4c44-9a2e-d094fe28070b,Finland,Finland,Person,"darksynth, synthwave",,0%,No,0,0,0,0,0,,,No,0,0,0,0
Nightwish,00a9f935-ba93-4fc8-a33a-993abe9c936b,Finland,Finland,Group,"progressive metal, metal, finnish, gothic metal, power metal, melodic, female vocals, symphonic metal, finland, symphonic power metal",,0%,No,0,0,0,0,0,,1996,No,0,0,0,0
Nina Åström,a54a3b43-6a14-4d18-adfe-249a7b278e0e,Finland,Finland,Person,singer-songwriter,,0%,No,0,0,0,0,0,,,No,0,0,0,0
Norma John,5bed8f00-c5a0-4c3f-8baf-72a3ccde6e1f,Finland,Finland,Group,soul,,0%,No,0,0,0,0,0,,2008,No,0,0,0,0
Nuppu Oinas,38d73ee7-733f-449f-8873-d0e96a627ed1,Finland,Finland,Person,"r&b, pop, tiktok, finnish artist",,0%,No,0,0,0,0,0,,1996,No,0,0,0,0
Oddarrang,04b1c1d6-d1d4-4a46-9b7d-990913b31703,Finland,Finland,Group,"experimental, jazz, post-rock",,0%,No,0,0,0,0,0,,2003,No,0,0,0,0
Oddland,097a546b-8a74-4000-822a-9ebf20a22667,Finland,Finland,Group,progressive metal,,0%,No,0,0,0,0,0,,2003,No,0,0,0,0
Okra Playground,77fdf2fc-ded8-4470-a554-01b4235ee7af,Finland,Finland,Group,"electronic, folk, world fusion",,0%,No,0,0,0,0,0,,2010,No,0,0,0,0
Olavi Uusivirta,a36db441-dbf5-45e9-80db-aedc90753a27,Finland,Finland,Person,"pop, alternative rock, singer-songwriter, indie pop, adult contemporary, pop rock, iskelmä, alternative/indie rock, contemporary pop/rock, adult alternative pop/rock",,0%,No,0,0,0,0,0,,1983,No,0,0,0,0
Omnium Gatherum,9319e8ca-75f1-4d43-acba-eb31c9f1c38e,Finland,Finland,Group,"melodic death metal, finnish, death metal",,0%,No,0,0,0,0,0,,1996,No,0,0,0,0
Onségen Ensemble,30cc96e5-1c85-4906-8b17-03239391d41e,Finland,Finland,Group,"post-rock, progressive rock, experimental, space rock",,0%,No,0,0,0,0,0,,2005,No,0,0,0,0
Oranssi Pazuzu,e9d2cdf6-d485-4074-9a53-9990c9a4d8b1,Finland,Finland,Group,"metal, finnish, black metal, experimental, psychedelic rock, psychedelic, abstract, avant-garde metal, psychedelic metal, space black metal",,0%,No,0,0,0,0,0,,2007,No,0,0,0,0
Orkidea,17294d99-11ea-4fb3-af2f-33e607a8c079,Finland,Finland,Person,"trance, electronic",,0%,No,0,0,0,0,0,,1977,No,0,0,0,0
Orvokki,d024bce3-b20d-4da6-948e-d0855f64ab79,Finland,Finland,Person,indie pop,,0%,No,0,0,0,0,0,,,No,0,0,0,0
Paleface,fda150d3-bb17-4f8e-bb0c-52f0da218ba8,Finland,Finland,Person,"hip hop rnb and dance hall, finnish, hip hop, political hip hop",,0%,No,0,0,0,0,0,,1978,No,0,0,0,0
Pariisin Kevät,94c49e49-ce70-4bba-a36b-79047ccb0f73,Finland,Finland,Group,"pop, indie pop, finnish rock, finnish pop",,0%,No,0,0,0,0,0,,2007,No,0,0,0,0
Paula Koivuniemi,dca3c0f1-daa7-4a3d-9c1d-1daa4bf1fac5,Finland,Finland,Person,"pop, finnish, iskelmä, finnish rock, finnish pop",,0%,No,0,0,0,0,0,,1947,No,0,0,0,0
Peela,247406d6-f41e-41a8-b711-d8c8ad5423a5,Finland,Finland,Group,"jazz, jazz fusion",,0%,No,0,0,0,0,0,,2016,No,0,0,0,0
Pekko Käppi,9dc1d367-8b0a-49b8-825e-78b88c93d28d,Finland,Finland,Person,"folk, folk rock, jouhikko",,0%,No,0,0,0,0,0,,1976,No,0,0,0,0
Pepe Ahlqvist,7a78e7cc-0ac1-4334-ad53-9c79838dcedb,Finland,Finland,Person,blues,,0%,No,0,0,0,0,0,,1956,No,0,0,0,0
Pepe Deluxé,04fa6faa-6b42-4c7a-b1db-9aa20b7e4853,Finland,Finland,Group,"art pop, trip hop, finnish, scandinavian, european",,0%,No,0,0,0,0,0,,1995,No,0,0,0,0
Petri Kuljuntausta,e2455d0a-d754-4699-b736-0a2977069bcb,Finland,Finland,Person,"experimental electronic, sound art, experimental",,0%,No,0,0,0,0,0,,1961,No,0,0,0,0
Petri Nygård,e6267f28-639a-4a1b-bf58-85d7cdeb6d8e,Finland,Finland,Person,"comedy rap, electropop",,0%,No,0,0,0,0,0,,1975,No,0,0,0,0
Pharaoh Overlord,a88146b9-5a2e-4865-9d07-96d6b2819878,Finland,Finland,Group,"rock, metal, stoner rock, psychedelic rock, experimental rock, rock and indie",,0%,No,0,0,0,0,0,,2000,No,0,0,0,0
Physics,26d5613a-0099-474b-82c7-5ec687a8a5ea,Finland,Finland,Person,drum and bass,,0%,No,0,0,0,0,0,,,No,0,0,0,0
Piirpauke,90e9e2b4-b1b2-491f-84c7-df117edaa9f5,Finland,Finland,Group,"jazz, world fusion, jazz fusion",,0%,No,0,0,0,0,0,,1974,No,0,0,0,0
Pintandwefall,b889c964-2d19-43b4-8347-d1e84f85db22,Finland,Finland,Group,"garage rock, _private tag 1, finnish",,0%,No,0,0,0,0,0,,2006,No,0,0,0,0
Pirkka-Pekka Petelius,50fba235-e20a-49c4-b307-d112fdd8a8f2,Finland,Finland,Person,,,0%,No,0,0,0,0,0,,1953,No,0,0,0,0
Poets of the Fall,482a5456-7d8a-4366-a2e9-6f38853df632,Finland,Finland,Group,"rock, alternative rock, alternative metal, pop rock",,0%,No,0,0,0,0,0,,2002,No,0,0,0,0
Pooma,ccb441cc-4c7d-485f-bea9-a23b06b327cb,Finland,Finland,Group,"post-rock, shoegaze, trip hop",,0%,No,0,0,0,0,0,,,No,0,0,0,0
Popeda,c03b2a7e-1938-4a8a-83af-206c2f22df4c,Finland,Finland,Group,"punk rock, manserock, finnish, finland, punk, rock",,0%,No,0,0,0,0,0,,1977,No,0,0,0,0
Poutatorvi,091d5cb5-3f67-41ae-b9f0-b163b5034282,Finland,Finland,Group,"world, latin, funk, electronic, experimental, world beat",,0%,No,0,0,0,0,0,,2005,No,0,0,0,0
Project Silence,563344a6-e531-4da0-a1be-984161a2954b,Finland,Finland,Group,"melodic death metal, industrial metal, metal, death metal, aggrotech, blackened death metal, synthwave, trance metal, electro metal, darksynth",,0%,No,0,0,0,0,0,,2008,No,0,0,0,0
Pyhimys,d6241926-6d71-443b-a28e-4fa1e11ab59b,Finland,Finland,Person,"pop rap, hip hop",,0%,No,0,0,0,0,0,,1981,No,0,0,0,0
Radio Supernova,78328af3-4af9-435f-90be-a8b24610e445,Finland,Finland,Group,"shoegaze, dream pop",,0%,No,0,0,0,0,0,,2017,No,0,0,0,0
Radiopuhelimet,838e3977-5246-4040-9137-c6ecbc292896,Finland,Finland,Group,"finland, punk",,0%,No,0,0,0,0,0,,1986,No,0,0,0,0
Rajaton,52a9e588-8c75-4270-9842-09ec83e51571,Finland,Finland,Group,"a cappella, jazz",,0%,No,0,0,0,0,0,,1997,No,0,0,0,0
Rasmus Roimela,08b14367-7d7a-4928-80e5-072382724408,Finland,Finland,Person,"singer-songwriter, indie rock, synth-pop, indie pop, indie folk",,0%,No,0,0,0,0,0,,2004,No,0,0,0,0
Rattus,088827e0-902f-47ee-b622-15fe7b0534cf,Finland,Finland,Group,"punk, finnish, hardcore punk, finland, jyväskylä",,0%,No,0,0,0,0,0,,1978,No,0,0,0,0
Ravage Ritual,fe473fc2-8291-4d63-b064-a74b21557d5a,Finland,Finland,Group,metalcore,,0%,No,0,0,0,0,0,,2011,No,0,0,0,0
Red Moon Architect,0619c97d-51f6-470c-bfd7-739e8ecffc95,Finland,Finland,Group,"death-doom metal, funeral doom metal, doom metal",,0%,No,0,0,0,0,0,,2011,No,0,0,0,0
Redrama,e81c7de3-26bc-45f6-94fb-9316ff97eabd,Finland,Finland,Person,"hip hop, pop rap",,0%,No,0,0,0,0,0,,1977,No,0,0,0,0
Rene Kita,9b98c718-6f3f-4f1b-bb81-a5f6838efa3d,Finland,Finland,Person,"noise, experimental",,0%,No,0,0,0,0,0,,,No,0,0,0,0
Resound,9879cd2c-368d-48ef-8bc3-c9398c175373,Finland,Finland,Person,drum and bass,,0%,No,0,0,0,0,0,,,No,0,0,0,0
Ride for Revenge,5f933291-038e-459b-a9a7-eab084d90a5d,Finland,Finland,Group,"black metal, experimental black metal, finnish, darkness, evil, satan, experimental",,0%,No,0,0,0,0,0,,2001,No,0,0,0,0
Riistetyt,5a88cd43-cf7b-415a-b6ba-aabeaf61ca2f,Finland,Finland,Group,"anarcho-punk, hardcore punk, hardcore, punk, finland, punk rock, crust punk, finnish hardcore, d-beat",,0%,No,0,0,0,0,0,,1981,No,0,0,0,0
RinneRadio,a9cd845f-e0e0-405a-b177-7eaba1cbf0ce,Finland,Finland,Group,"electro jazz, electro, nu jazz",,0%,No,0,0,0,0,0,,1988,No,0,0,0,0
Risto,ef93da9e-2e6a-49e6-a139-6844f0a428a2,Finland,Finland,Group,"indie rock, rock",,0%,No,0,0,0,0,0,,2002,No,0,0,0,0
Roberto Rodriguez,08389efc-56dc-44a1-aa25-bfd3f8ba87de,Finland,Finland,Person,"house, deep house, techno, tech house, indie dance, peak time techno",,0%,No,0,0,0,0,0,,,No,0,0,0,0
Romantic Vision,78bc0227-07ae-4cbc-9c2e-ccd24c960ac2,Finland,Finland,Group,synth-pop,,0%,No,0,0,0,0,0,,,No,0,0,0,0
Roshi,0e304643-260d-4063-9042-9a2e7a3164bb,Finland,Finland,Person,drum and bass,,0%,No,0,0,0,0,0,,,No,0,0,0,0
Rubus,d498ffe5-d191-464a-a86d-23b6b1d65a7f,Finland,Finland,Person,"downtempo, instrumental, chillwave, boom bap, instrumental hip hop, lo-fi, lo-fi hip hop, hip hop",,0%,No,0,0,0,0,0,,,No,0,0,0,0
Ruissalo Amping,c328f9a9-aaf9-47b3-8344-7cdbbb01431b,Finland,Finland,Group,"shoegaze, indie rock, dream pop",,0%,No,0,0,0,0,0,,,No,0,0,0,0
Ruudolf,6afca0dc-ffdb-4611-a15d-4feac2f23367,Finland,Finland,Person,"bodausanthem, christian hip hop, pop rap",,0%,No,0,0,0,0,0,,1983,No,0,0,0,0
Rytmihäiriö,ce6b102e-63f9-4618-a9cb-9731b5e37c4b,Finland,Finland,Group,"thrash metal, hardcore punk, grindcore, crossover thrash, surmacore",,0%,No,0,0,0,0,0,,1988,No,0,0,0,0
SG.7,9edb7d39-4c56-4718-9d25-4b407f185acf,Finland,Finland,Person,"satan, death, synthwave, black metal, lo-fi",,0%,No,0,0,0,0,0,,,No,0,0,0,0
SIG,fd5a22cb-7cd1-4a0d-9c0d-5abef1b52f15,Finland,Finland,Group,"finland, punk",,0%,No,0,0,0,0,0,,1978,No,0,0,0,0
Sadistik Forest,20afa94c-adcb-4aff-beae-e86cf5f57b90,Finland,Finland,Group,"post hardcore, progressive metal, sludge metal, thrash metal, metal, black metal, deathcore, doom, grind, grindcore",,0%,No,0,0,0,0,0,,2007,No,0,0,0,0
Sakari Kukko,77560496-d805-4541-beff-46d0397f53d4,Finland,Finland,Person,"jazz, world fusion",,0%,No,0,0,0,0,0,,1953,No,0,0,0,0
Salaliitto,16256298-ff14-4fad-b76d-c38951cacc7a,Finland,Finland,Group,indie rock,,0%,No,0,0,0,0,0,,2012,No,0,0,0,0
Sami Kujala,ceb96db3-6054-4f75-be14-c95913a65b62,Finland,Finland,Person,"rock, pop, jazz, folk, hip hop, funk, afro-american",,0%,No,0,0,0,0,0,,,No,0,0,0,0
Sami Saari,4ac4694c-8214-4cfa-8b70-cd9ddd293b43,Finland,Finland,Person,soul,,0%,No,0,0,0,0,0,,1962,No,0,0,0,0
Samuli Edelmann,17656e9b-9bb0-4f12-9d7d-ebb44163dd5a,Finland,Finland,Person,"pop, finnish, finnish rock, finnish pop",,0%,No,0,0,0,0,0,,1968,No,0,0,0,0
Samuli Putro,81665896-2aa2-439a-99ce-cca8523db4f0,Finland,Finland,Person,"finnish, singer-songwriter, indie pop",,0%,No,0,0,0,0,0,,1970,No,0,0,0,0
Sandman,fde1bda7-99a9-44d3-9359-7846e71b237e,Finland,Finland,,synthwave,,0%,No,0,0,0,0,0,,,No,0,0,0,0
Sansa,54a62c6f-bf1c-4b0b-9f74-5466d6fac6f8,Finland,Finland,Person,"downtempo, pop, drum and bass, dance, house, finnish, deep house, electronica, tech house, progressive house",,0%,No,0,0,0,0,0,,1980,No,0,0,0,0
Sara,81e6457c-3a3f-45a8-946a-160ebc009023,Finland,Finland,Group,"metal, alternative rock, alternative metal, synthpop, scandinavian metal, finnish alternative rock, finnish metal, suomi rock, heavy metal, finnish",,0%,No,0,0,0,0,0,,,No,0,0,0,0
Sarcofagus,30ca773d-d6da-4600-bebe-409be3c6b1b3,Finland,Finland,Group,"heavy metal, metal",,0%,No,0,0,0,0,0,,1977,No,0,0,0,0
Satanic Warmaster,cf9e4560-c798-477e-8fe5-93423009b71b,Finland,Finland,Group,"metal, black metal, war, darkness, satanism, vampirism, lycanthropia",,0%,No,0,0,0,0,0,,1998,No,0,0,0,0
Seuora,de0b6576-5244-4e3c-b93c-d275345cd9ba,Finland,Finland,Group,"folk, country, blues",,0%,No,0,0,0,0,0,,,No,0,0,0,0
Shape of Despair,4ee6ca6b-f004-4747-b0b5-b2686b784859,Finland,Finland,Group,"doom metal, funeral doom metal, gothic doom metal",,0%,No,0,0,0,0,0,,1998,No,0,0,0,0
Sielunvihollinen,6000acbf-a8ea-4dc6-b866-550ac1ac3660,Finland,Finland,Group,"melodic black metal, black metal, finland, satanism, anti-christianity, anti-islam",,0%,No,0,0,0,0,0,,2011,No,0,0,0,0
Sin Cos Tan,f4e7ff9b-aab4-48a9-b911-f854da8dd61a,Finland,Finland,Group,synth-pop,,0%,No,0,0,0,0,0,,,No,0,0,0,0
Sini Sabotage,03b4489b-dd01-4b89-bb62-4cbd40e5010c,Finland,Finland,Person,pop rap,,0%,No,0,0,0,0,0,,1986,No,0,0,0,0
Sivuprojekti,40bac6bb-25a8-454b-bc65-c977aeba610e,Finland,Finland,,"finnish, finland, male vocal, pop, pop rap, edm, electro, sivuprojekti, side-project, male vocals",,0%,No,0,0,0,0,0,,2017,No,0,0,0,0
Skepticism,20d47cfb-cd42-41e8-b7e0-e7fdd3cf2fe4,Finland,Finland,Group,"metal, finnish, doom metal, funeral doom metal",,0%,No,0,0,0,0,0,,1991,No,0,0,0,0
Sleepy Sleepers,95c962ac-9160-4d4d-8195-aba27aa68079,Finland,Finland,Group,"comedy rock, punk, finland",,0%,No,0,0,0,0,0,,1974,No,0,0,0,0
Sodiac,9530e613-1a9f-45c5-9abe-988fa54e6c81,Finland,Finland,Person,"trance, pop, drum and bass, dance, electro, techno, electronica, indie dance, synthwave",,0%,No,0,0,0,0,0,,,No,0,0,0,0
Softengine,227fc051-3429-467f-bbfe-29eb44867a5c,Finland,Finland,Group,"rock, pop, indie pop, alternative/indie rock",,0%,No,0,0,0,0,0,,2011,No,0,0,0,0
Solus,2195b099-3f9a-416f-846a-3e60a4668a2d,Finland,Finland,,"metalcore, progressive metal, djent",,0%,No,0,0,0,0,0,,2020,No,0,0,0,0
Sonata Arctica,319b1175-ced9-438f-986b-9239c3edd92d,Finland,Finland,Group,"finnish, power metal, finlandia",,0%,No,0,0,0,0,0,,1999,No,0,0,0,0
Sound Explosion Band,11f4c470-e143-477f-bcb4-43225448ff3e,Finland,Finland,Group,reggae,,0%,No,0,0,0,0,0,,,No,0,0,0,0
Spekti,88bccdde-5673-4785-a200-4a247aff8377,Finland,Finland,Person,pop rap,,0%,No,0,0,0,0,0,,,No,0,0,0,0
Spiritus Mortis,9dd28f79-06b1-4ddc-8fab-cd739dcf8a78,Finland,Finland,Group,"heavy metal, doom metal",,0%,No,0,0,0,0,0,,1987,No,0,0,0,0
Spotless Souls,dc90fdee-a9c9-4ac3-8fc3-8ca9551d053c,Finland,Finland,Group,"alternative rock, shoegaze, ambient, indie rock, soul",,0%,No,0,0,0,0,0,,2023,No,0,0,0,0
Stam1na,f74c7996-4c0b-4ebd-b1e7-219e21c41286,Finland,Finland,Group,"heavy metal, progressive metal, technical thrash metal",,0%,No,0,0,0,0,0,,1996,No,0,0,0,0
Stargazery,e4a56b9e-3627-4d71-ba77-f2bb31db8b61,Finland,Finland,Group,heavy metal,,0%,No,0,0,0,0,0,,2005,No,0,0,0,0
Status Minor,ecc218d1-1e04-42e4-aac0-3fbe07d568a9,Finland,Finland,Group,"finnish, progressive metal",,0%,No,0,0,0,0,0,,2003,No,0,0,0,0
Stig,d2855896-a274-4bf7-879e-be307f00c74d,Finland,Finland,Person,"pop, pop rap",,0%,No,0,0,0,0,0,,1978,No,0,0,0,0
Stormheit,2f54c638-d4c6-41b0-9d7f-2e12c1c0b37f,Finland,Finland,Group,"black metal, folk metal",,0%,No,0,0,0,0,0,,2005,No,0,0,0,0
Stranded Mind,c34e4df9-8c03-40fe-abb5-4252db453976,Finland,Finland,Group,progressive metal,,0%,No,0,0,0,0,0,,2019,No,0,0,0,0
Stratovarius,c3d6fdd5-67c5-453e-87e3-d17a00a52879,Finland,Finland,Group,"metal, finnish, power metal, finland, neo-classical metal, scandinavia, scandinave, scandinavie, scandinavian, finlandais",,0%,No,0,0,0,0,0,,1984,No,0,0,0,0
Suistamon Sähkö,04749e67-c9f1-45af-b1b1-6e5669d4c2ec,Finland,Finland,Group,"pop, rap, hip hop, electronic music, indie folk, alternative hip hop, hip-hop/rap",,0%,No,0,0,0,0,0,,,No,0,0,0,0
Sunrise Avenue,fa57d5dc-bcfa-40ea-9638-3d3cd89d1258,Finland,Finland,Group,"finnish, pop rock",,0%,No,0,0,0,0,0,,2002,No,0,0,0,0
Super8 & Tab,c54d9d94-e94f-4d8d-850d-1c314bd4ee15,Finland,Finland,Group,"trance, edm",,0%,No,0,0,0,0,0,,2005,No,0,0,0,0
Sur-rur,0a5415f3-47bf-40e3-9ea4-f44b17945526,Finland,Finland,Group,punk,,0%,No,0,0,0,0,0,,1996,No,0,0,0,0
Swallow the Sun,0f6df3f2-01f5-4d9a-a047-a76c907d7b66,Finland,Finland,Group,"metal, finnish, death metal, doom metal, death-doom metal, death doom metal, via mistica",,0%,No,0,0,0,0,0,,2000,No,0,0,0,0
Sweetheart,10dedccd-1818-4039-bf1f-67c63b143be2,Finland,Finland,Group,"garage rock, post-punk",,0%,No,0,0,0,0,0,,,No,0,0,0,0
Switchblade,0fa1c789-9d8f-4bf8-8093-19e458e93b83,Finland,Finland,Person,techno,,0%,No,0,0,0,0,0,,1980,No,0,0,0,0
Tarja,1fd8c24b-eaf3-4ee2-9931-b8130099d789,Finland,Finland,Person,"heavy metal, metal, crossover, power metal, symphonic metal, symphonic rock, tarja, finlandia",,0%,No,0,0,0,0,0,,1977,No,0,0,0,0
Tarot,0c235ae9-7e9d-428f-b0af-3fa8dbb20064,Finland,Finland,Group,"heavy metal, finnish",,0%,No,0,0,0,0,0,,1985,No,0,0,0,0
Tasavallan Presidentti,6f0e86fc-25ff-4e1f-b14e-024020a07bda,Finland,Finland,Group,"finnish, european, jazz rock, progressive rock, psychedelic folk, psychedelic pop",,0%,No,0,0,0,0,0,,1969,No,0,0,0,0
Team Play,49348b42-c48a-4926-8240-511d5cae6fff,Finland,Finland,Group,indie folk,,0%,No,0,0,0,0,0,,,No,0,0,0,0
Teemu Viinikainen,c5ef7d7f-3769-4392-8a06-8e9327a88554,Finland,Finland,Person,jazz fusion,,0%,No,0,0,0,0,0,,1975,No,0,0,0,0
Tempo Giusto,709b49cc-4c64-4220-a6f9-d8fab1e70465,Finland,Finland,Person,"trance, electronic, pop, hardcore, dance, house, deep house, techno, electronica, breakbeat",,0%,No,0,0,0,0,0,,1986,No,0,0,0,0
Tenhi,ae79e6ff-72ce-4877-a0dc-dc2a5c1ad407,Finland,Finland,Group,"neofolk, dark folk",,0%,No,0,0,0,0,0,,1996,No,0,0,0,0
Terveet Kädet,bfa33dfc-16ba-49d6-84ba-5cd8e986e46d,Finland,Finland,Group,"hardcore punk, tornio, finland, punk, thrash metal",,0%,No,0,0,0,0,0,,1980,No,0,0,0,0
The 69 Eyes,ba1384a7-8b0e-4ea6-bf0c-f1ec17a06d14,Finland,Finland,Group,"rock, metal, finnish, gothic metal, hard rock, gothic, garage rock, gothic rock, glam metal, goth rock",,0%,No,0,0,0,0,0,,1989,No,0,0,0,0
The Blaster Master,312b1917-5832-41d2-9fe9-6544bd383ab1,Finland,Finland,Group,ska,,0%,No,0,0,0,0,0,,,No,0,0,0,0
The Capital Beat,ef7fef06-1511-4748-9312-2597ff02476b,Finland,Finland,Group,ska,,0%,No,0,0,0,0,0,,,No,0,0,0,0
The Clap,706697bf-c131-475a-abe8-cf82b4e09ddc,Finland,Finland,Group,ska,,0%,No,0,0,0,0,0,,,No,0,0,0,0
The Expected,4d385a25-2ea5-4e51-af2c-7b28d88e51e1,Finland,Finland,Group,"indie rock, indie pop",,0%,No,0,0,0,0,0,,,No,0,0,0,0
The Girlfriends,5b71e6d3-a320-4134-946d-c301e3ff0437,Finland,Finland,Group,"rock, experimental rock, garage rock, noise rock",,0%,No,0,0,0,0,0,,2010,No,0,0,0,0
The Hearing,e792b64e-9741-4082-b067-3d70edb4eecd,Finland,Finland,Person,art pop,,0%,No,0,0,0,0,0,,,No,0,0,0,0
The Rasmus,012e3432-71d3-4317-9ce5-b60cb6cdc38f,Finland,Finland,Group,"rock, alternative rock, funk rock, pop rock, symphonic rock, gothic rock, pop and chart, eurovision 2022 artists",,0%,No,0,0,0,0,0,,1994,No,0,0,0,0
The Sultans,79fca765-5bfe-4189-b521-fa2deb08926e,Finland,Finland,Group,"blues rock, blues",,0%,No,0,0,0,0,0,,,No,0,0,0,0
The True Werwolf,921fccbe-5bb6-442f-9b69-bb3f3d9baf01,Finland,Finland,Group,"darkness, lycanthropia, hate, perversions, dark ambient, satan, vampirism, sex, black metal",,0%,No,0,0,0,0,0,,2002,No,0,0,0,0
Thee Ultra Bimboos,ce0b7a12-ec4a-4553-b485-61b3edb7b4ad,Finland,Finland,Group,"rock, garage rock",,0%,No,0,0,0,0,0,,1994,No,0,0,0,0
Throes of Dawn,be5f3131-c8ca-4b90-b7ee-e40ffc68a70d,Finland,Finland,Group,"death, nature, melodic black metal, loss, sorrow, solitude, finnish, progressive metal, gothic metal, folk metal",,0%,No,0,0,0,0,0,,1994,No,0,0,0,0
Tiina,d1913e50-e02f-4ca0-a6d8-9aa333a7bada,Finland,Finland,Person,singer-songwriter,,0%,No,0,0,0,0,0,,,No,0,0,0,0
Tim Eric,5301ee00-af7a-4732-8f89-2be53302fcb2,Finland,Finland,Person,"uplifting trance, trance, melodic trance, house, tech house, techno, vocal trance, edm",,0%,No,0,0,0,0,0,,,No,0,0,0,0
Timo Lassy,65541f32-262c-4a6a-a887-d192d6630ff3,Finland,Finland,Person,"jazz, soul jazz, latin jazz, jazzmusiker, saxofonist",,0%,No,0,0,0,0,0,,1974,No,0,0,0,0
Timo Rautiainen & Trio Niskalaukaus,ba2a3bb1-23a4-4c1b-a6fb-8c93dabaf96e,Finland,Finland,Group,"finnish, heavy metal, hard rock, rock, metal, finland",,0%,No,0,0,0,0,0,,1996,No,0,0,0,0
Tontario,f91bc1b4-1f0e-4043-bfcc-b9b7ec21d87b,Finland,Finland,Person,"electronic, house, deep house, electronica, indie dance, progressive house, edm, melodic techno, melodic house",,0%,No,0,0,0,0,0,,,No,0,0,0,0
Tree Climber,f732026a-8746-4422-81e6-b62da643db4f,Finland,Finland,Person,"lo-fi hip hop, instrumental hip hop, downtempo, instrumental, boom bap, hip hop, chillwave, lo-fi",,0%,No,0,0,0,0,0,,,No,0,0,0,0
Trisector,b554ebf4-5b85-4c06-9262-a33a21c5aa70,Finland,Finland,Person,drum and bass,,0%,No,0,0,0,0,0,,,No,0,0,0,0
Tuomari Nurmio,1fb517fd-25e4-4f71-9967-6e2674c781ed,Finland,Finland,Person,"finnish, experimental rock, rock",,0%,No,0,0,0,0,0,,1950,No,0,0,0,0
Tuomari Nurmio & Viides Kolonna,abac0439-8f32-4195-b350-57260210624e,Finland,Finland,Group,"singer-songwriter, art rock",,0%,No,0,0,0,0,0,,,No,0,0,0,0
Turisas,1cf39e0b-c595-46f7-9ea8-4d2b14843c81,Finland,Finland,Group,"melodic death metal, folk metal, viking metal",,0%,No,0,0,0,0,0,,1997,No,0,0,0,0
Töölön Ketterä,6f202efd-f990-4c53-93a6-b9a81ee72201,Finland,Finland,Group,grime,,0%,No,0,0,0,0,0,,,No,0,0,0,0
UMO Jazz Orchestra,dec63f48-67f3-4a72-8355-5a7fd846c1b5,Finland,Finland,Orchestra,,,0%,No,0,0,0,0,0,,1975,No,0,0,0,0
Uniikki,4de6b6c2-5847-4700-8053-ab654d3b14bb,Finland,Finland,Person,"finnish, hip hop",,0%,No,0,0,0,0,0,,1981,No,0,0,0,0
Uniklubi,496c2c0a-839e-45fd-8bbc-83e94e961727,Finland,Finland,Group,"pop rock, alternative rock",,0%,No,0,0,0,0,0,,2002,No,0,0,0,0
Union Street,5838489f-454b-4a37-bec1-4e7047c30d0a,Finland,Finland,Group,ska,,0%,No,0,0,0,0,0,,,No,0,0,0,0
Ural 13 Diktators,19f13cb4-0cc9-4fd8-803f-fe2561af34fc,Finland,Finland,Group,"techno, electronic",,0%,No,0,0,0,0,0,,,No,0,0,0,0
Urn,c861cb25-1c73-4200-9590-e97ea94f0eb4,Finland,Finland,Group,"thrash metal, finnish, black metal",,0%,No,0,0,0,0,0,,1994,No,0,0,0,0
Uuge Päts,264336ba-c0e0-4368-8d5e-1f8d3f6ad3d9,Finland,Finland,Group,blues rock,,0%,No,0,0,0,0,0,,,No,0,0,0,0
Uusitalo,5800c385-4b8d-49f3-8a97-9b166eaa148a,Finland,Finland,Person,"microhouse, minimal techno",,0%,No,0,0,0,0,0,,1976,No,0,0,0,0
VVOV,d0097e19-adba-4711-912a-fd8aedf9a03b,Finland,Finland,Group,"electronic, darksynth, black metal, electro-industrial, synthwave",,0%,No,0,0,0,0,0,,2018,No,0,0,0,0
Vaaralliset Lelut,a54f801a-3a0e-4a39-b64b-5c06757a357a,Finland,Finland,Group,experimental,,0%,No,0,0,0,0,0,,1980,No,0,0,0,0
Valkyrend Varieté,792f432b-d60a-46e5-ae62-48e0dcdae780,Finland,Finland,Group,"finnish, progressive, cello, folk, acoustic, finland, guitar, valkyrend, variete",,0%,No,0,0,0,0,0,,,No,0,0,0,0
Venus Star,6557a4b1-314c-4296-9525-d64ad8d23123,Finland,Finland,Group,black metal,,0%,No,0,0,0,0,0,,,No,0,0,0,0
Verneri Pohjola,2481455b-77fc-4211-89f3-44b9ca40d619,Finland,Finland,Person,"jazz, avant-garde jazz, contemporary jazz",,0%,No,0,0,0,0,0,,1977,No,0,0,0,0
Vesa Vierikko,30f0e21c-d1f3-4d0e-8dd3-61645095bd3e,Finland,Finland,Person,,,0%,No,0,0,0,0,0,,1956,No,0,0,0,0
Vesala,15507f7d-3210-45a5-90bb-b5bd9fac27b9,Finland,Finland,Person,"pop, pop rock, art pop, finnish rock, finnish pop",,0%,No,0,0,0,0,0,,1981,No,0,0,0,0
Vesterinen Yhtyeineen,b91290c6-5677-4d53-9c32-5b00a634fb73,Finland,Finland,Group,indie pop,,0%,No,0,0,0,0,0,,2009,No,0,0,0,0
Viikate,63e166d4-b490-48d1-84f7-c19b45c503de,Finland,Finland,Group,"metal, heavy metal, rock",,0%,No,0,0,0,0,0,,1996,No,0,0,0,0
Ville Valo,d0169ab3-c719-4a25-be8b-8d707c9a39b7,Finland,Finland,Person,"alternative rock, rock, gothic rock",,0%,No,0,0,0,0,0,,1976,No,0,0,0,0
Ville Veikka,0995f6e5-4424-4f3d-990e-4a3be680178b,Finland,Finland,Person,"folk, indie folk",,0%,No,0,0,0,0,0,,,No,0,0,0,0
Virta,073189a4-4c06-45c8-b7a8-203606012da2,Finland,Finland,Person,"folk rock, progressive rock",,0%,No,0,0,0,0,0,,,No,0,0,0,0
Vladislav Delay,039cafb3-4f3d-44a9-b956-7705323f025b,Finland,Finland,Person,"electroacoustic, downtempo, glitch, dub techno, ambient, ambient dub, power noise",,0%,No,0,0,0,0,0,,1976,No,0,0,0,0
Vortech,fcd6946c-e1dd-43df-9ce7-37a36820100a,Finland,Finland,Group,"heavy metal, ambient, industrial metal, progressive metal, death metal, black metal, industrial death metal",,0%,No,0,0,0,0,0,,2005,No,0,0,0,0
Värttinä,79c41645-d2bf-4f53-8f17-4be34099eaf3,Finland,Finland,Group,"folk, finnish, world, finland, worldbeat, folk pop, scandinavia, scandinave, scandinavie, scandinavian",,0%,No,0,0,0,0,0,,1983,No,0,0,0,0
Waltari,1b5843cc-3109-4496-888a-1ca5528aa7f9,Finland,Finland,Group,"alternative rock, heavy metal, punk, progressive metal, metal, crossover, alternative metal, funk metal",,0%,No,0,0,0,0,0,,1986,No,0,0,0,0
Warmen,6b3a7975-fc3a-404b-a13e-66c223cd2a31,Finland,Finland,Group,"melodic death metal, power metal",,0%,No,0,0,0,0,0,,2000,No,0,0,0,0
Wentus Blues Band,e85e0b26-7bae-4b06-9a31-1e5d49575e2a,Finland,Finland,Group,blues,,0%,No,0,0,0,0,0,,1986,No,0,0,0,0
What Awaits Us,fb9be1c0-f626-4dec-84e8-eccc39e16938,Finland,Finland,Group,metalcore,,0%,No,0,0,0,0,0,,,No,0,0,0,0
Wheel,4a059eea-f04b-4a49-a705-dd7d15566116,Finland,Finland,Group,"rock, progressive rock, progressive metal, metal, alternative metal",,0%,No,0,0,0,0,0,,2015,No,0,0,0,0
Wigwam,dad658a2-b312-4728-b180-ce8fff119db6,Finland,Finland,Group,"rock, progressive rock, finnish, jazz rock, european",,0%,No,0,0,0,0,0,,1969,No,0,0,0,0
Wilma,0da0fe9e-defb-4c60-9680-a75c31a428bc,Finland,Finland,Group,indie pop,,0%,No,0,0,0,0,0,,1991,No,0,0,0,0
Wimme Saari,9be0b0e7-04c2-40f2-9eac-025b5044cbe5,Finland,Finland,Person,"ambient techno, joik",,0%,No,0,0,0,0,0,,1959,No,0,0,0,0
Winning Team,f6b67f08-0c37-49c6-9804-94f689a265de,Finland,Finland,Group,big room house,,0%,No,0,0,0,0,0,,,No,0,0,0,0
Wintersun,c054ea6b-c585-41eb-ae7e-4b0ca43308ff,Finland,Finland,Group,"melodic death metal, metal, finnish, death metal, symphonic metal, folk metal, finland, melodic metal, nordic metal, melodic extreme metal",,0%,No,0,0,0,0,0,,2003,No,0,0,0,0
Wolfhorde,e20f4c90-6dfd-46c2-b3a1-254599a8a875,Finland,Finland,Group,"history, black metal, death, mythology, paganism, folk metal, nature",,0%,No,0,0,0,0,0,,2000,No,0,0,0,0
Wyrd,12b44a9f-5fd1-4b7d-a76d-688df71dd07b,Finland,Finland,Group,"black metal, folk metal, finnish, doom metal, pagan black metal",,0%,No,0,0,0,0,0,,1998,No,0,0,0,0
Xysma,bc02d844-575a-4d82-a0ac-09d9d93377f1,Finland,Finland,Group,"death metal, deathgrind, goregrind, death 'n' roll, garage rock, metal, death'n'roll, grindcore, stoner rock",,0%,No,0,0,0,0,0,,1988,No,0,0,0,0
YOTTO,7355a02a-b14a-4719-aa09-477b1964b2a3,Finland,Finland,Person,"trance, downtempo, pop, fixme, dance, house, deep house, techno, electronica, progressive house",,0%,No,0,0,0,0,0,,1986,No,0,0,0,0
Ylva Haru,f001ed15-1b3b-48f8-b658-a3de86109606,Finland,Finland,Person,"singer-songwriter, folk pop",,0%,No,0,0,0,0,0,,1985,No,0,0,0,0
Yoens,e16597ab-4066-4ebf-9bfd-8c38937cda5c,Finland,Finland,Person,"chillwave, synthwave, chillsynth",,0%,No,0,0,0,0,0,,,No,0,0,0,0
Yö,a35d2112-4137-4c14-89fb-58e02036c326,Finland,Finland,Group,"rock, finnish, pop rock",,0%,No,0,0,0,0,0,,1981,No,0,0,0,0
Zen Café,6ca14d5e-3a33-4696-9e82-bdebe070838e,Finland,Finland,Group,"rock, finnish, art pop",,0%,No,0,0,0,0,0,,1992,No,0,0,0,0
cocabona,0c60cfb6-69d8-4159-b413-b89da0c52fed,Finland,Finland,Person,"lo-fi hip hop, hip hop, instrumental, chillwave, downtempo, instrumental hip hop, lo-fi, boom bap",,0%,No,0,0,0,0,0,,,No,0,0,0,0
idealism,44ade048-ea16-4161-abb6-7794ebefad19,Finland,Finland,Person,"downtempo, instrumental, hip hop, lo-fi, boom bap, chillwave, instrumental hip hop, lo-fi hip hop",,0%,No,0,0,0,0,0,,,No,0,0,0,0
pehmoaino,6489acf8-9e56-42cb-89ae-1be4811930e0,Finland,Finland,Person,"synth-pop, indie pop, ambient pop",,0%,No,0,0,0,0,0,,2001,No,0,0,0,0
sumu,e490addf-82e6-4b26-a49e-c3299ca91949,Finland,Finland,Other,"lo-fi, lo-fi hip hop",,0%,No,0,0,0,0,0,,,No,0,0,0,0
tomppabeats,50e66415-ca79-4f18-9ba2-3b893b0fd32c,Finland,Finland,Person,"hip hop, chillwave, instrumental hip hop, lo-fi, lo-fi hip hop, downtempo, instrumental, boom bap",,0%,No,0,0,0,0,0,,1997,No,0,0,0,0
vhskid.,9bd2a6cd-75be-4774-bc38-a207511347ad,Finland,Finland,Group,"hip hop, chillwave, instrumental hip hop, boom bap, lo-fi, lo-fi hip hop, downtempo, instrumental",,0%,No,0,0,0,0,0,,,No,0,0,0,0
…and Oceans,284460fc-c58a-4214-b81c-299a66bbd786,Finland,Finland,Group,"industrial metal, metal, black metal, melodic black metal, symphonic black metal",,0%,No,0,0,0,0,0,,1995,No,0,0,0,0
