Rank,Artist Name,WF Score,Country,Type,Genre Tags,Primary Language,English Ratio,Last.fm Listeners,Last.fm Plays,Size Category,Estimated Tracks,Albums,EPs,Singles,Latest Release Date,Active Since,Score: Popularity,Score: English,Score: Tracks,Score: Active,Score: Genre,Score: Country,MusicBrainz ID,Last.fm URL,Status
1,Bloodred Hourglass,98,Finland,Group,"groove metal, metal, melodic death metal, thrash metal",eng,100%,55357,2098892,wf_sweet_spot,104,7,4,14,2025-10-03,2005,25,20,15,15,15,8,42004a2e-4066-4556-ba62-f88b9753f93d,https://www.last.fm/music/Bloodred+Hourglass,
2,Cats of Transnistria,98,Finland,Group,"dream pop, ambient pop",eng,100%,5831,38162,wf_sweet_spot,47,4,1,2,2025-03-21,2014,25,20,15,15,15,8,43473c7e-9920-4175-931a-255966a74007,https://www.last.fm/music/Cats+of+Transnistria,
3,Fanu,98,Finland,Person,"breaks, drum and bass",eng,91%,40245,734425,wf_sweet_spot,190,13,12,0,2025-05-02,1980,25,20,15,15,15,8,cdd61981-4dda-4990-aaa4-37c96fe30aa8,https://www.last.fm/music/Fanu,
4,Forces,98,Finland,Person,"experimental, electronic",eng,100%,6308,46888,wf_sweet_spot,75,7,1,0,2025-07-18,,25,20,15,15,15,8,ccd36e20-4fa4-4b2e-b2d1-97bd29e9e99f,https://www.last.fm/music/Forces,
5,Goatmoon,98,Finland,Group,"nsbm, black metal, metal",eng,82%,21154,1879892,wf_sweet_spot,195,14,11,0,2025-06-17,2002,25,20,15,15,15,8,4331da4f-052e-42b1-aba9-e69ebeb328ee,https://www.last.fm/music/Goatmoon,
6,Goldielocks,98,Finland,Person,"pop, synth-pop, suomi pop, umk 2025",eng,100%,27783,460916,wf_sweet_spot,27,1,1,12,2025-10-24,2001,25,20,15,15,15,8,441f8d9e-3d21-41fd-8e41-c1330ed7815b,https://www.last.fm/music/Goldielocks,
7,Hanging Garden,98,Finland,Group,"metal, gothic metal, doom metal, death-doom metal",eng,100%,82390,1685958,wf_sweet_spot,138,9,8,8,2026-03-20,2004,25,20,15,15,15,8,2920ec0c-96fb-41de-bde9-a692908ffd92,https://www.last.fm/music/Hanging+Garden,
8,Hexvessel,98,Finland,Group,"black metal, folk rock, psychedelic rock, psychedelic folk, avant-garde black metal, ritual folk psychedelia",eng,100%,75712,2213982,wf_sweet_spot,109,8,3,14,2025-06-13,2009,25,20,15,15,15,8,a7ee612d-1f9b-4446-8765-9d178ead346c,https://www.last.fm/music/Hexvessel,
9,Horizon Ignited,98,Finland,Group,"melodic death metal, metalcore",eng,100%,34427,542561,wf_sweet_spot,34,3,0,4,2026-03-06,2017,25,20,15,15,15,8,c8189cda-1da8-4c99-99b9-7649786c5e97,https://www.last.fm/music/Horizon+Ignited,
10,Jolly Jumpers,98,Finland,Group,"rock, garage rock, alternative country",eng,86%,20217,143390,wf_sweet_spot,70,7,0,0,2025-03-21,1980,25,20,15,15,15,8,0c88b21f-4a23-4949-8613-277589d38530,https://www.last.fm/music/Jolly+Jumpers,
11,Leverage,98,Finland,Group,"heavy metal, power metal",eng,100%,31175,968256,wf_sweet_spot,99,8,3,4,2025-06-20,2005,25,20,15,15,15,8,ae641868-c11d-46e4-af67-b56d211eef1d,https://www.last.fm/music/Leverage,
12,Physics,98,Finland,Person,drum and bass,eng,100%,69409,466601,wf_sweet_spot,26,1,1,11,2025-03-21,,25,20,15,15,15,8,26d5613a-0099-474b-82c7-5ec687a8a5ea,https://www.last.fm/music/Physics,
13,Project Silence,98,Finland,Group,"melodic death metal, industrial metal, metal, death metal, aggrotech, blackened death metal, synthwave, trance metal",eng,100%,9631,103706,wf_sweet_spot,58,4,1,13,2025-11-21,2008,25,20,15,15,15,8,563344a6-e531-4da0-a1be-984161a2954b,https://www.last.fm/music/Project+Silence,
14,Red Moon Architect,98,Finland,Group,"death-doom metal, funeral doom metal, doom metal",eng,100%,20564,311113,wf_sweet_spot,71,6,1,6,2025-04-17,2011,25,20,15,15,15,8,0619c97d-51f6-470c-bfd7-739e8ecffc95,https://www.last.fm/music/Red+Moon+Architect,
15,RinneRadio,98,Finland,Group,"electro jazz, electro, nu jazz",eng,76%,30739,408943,wf_sweet_spot,200,19,1,5,2025-09-26,1988,25,20,15,15,15,8,a9cd845f-e0e0-405a-b177-7eaba1cbf0ce,https://www.last.fm/music/Rinneradio,
16,Roberto Rodriguez,98,Finland,Person,"house, deep house, techno, tech house, indie dance, peak time techno",eng,100%,26809,141012,wf_sweet_spot,39,2,3,4,2025-03-28,,25,20,15,15,15,8,08389efc-56dc-44a1-aa25-bfd3f8ba87de,https://www.last.fm/music/Roberto+Rodriguez,
17,Spiritus Mortis,98,Finland,Group,"heavy metal, doom metal",eng,100%,19256,418647,wf_sweet_spot,100,8,4,0,2025-04-25,1987,25,20,15,15,15,8,9dd28f79-06b1-4ddc-8fab-cd739dcf8a78,https://www.last.fm/music/Spiritus+Mortis,
18,Stargazery,98,Finland,Group,heavy metal,eng,100%,6806,74796,wf_sweet_spot,40,4,0,0,2025-11-07,2005,25,20,15,15,15,8,e4a56b9e-3627-4d71-ba77-f2bb31db8b61,https://www.last.fm/music/Stargazery,
19,Urn,98,Finland,Group,"thrash metal, finnish, black metal",eng,100%,23095,391612,wf_sweet_spot,103,9,2,3,2025-03-28,1994,25,20,15,15,15,8,c861cb25-1c73-4200-9590-e97ea94f0eb4,https://www.last.fm/music/Urn,
20,Vortech,98,Finland,Group,"heavy metal, ambient, industrial metal, progressive metal, death metal, black metal, industrial death metal",eng,100%,5986,128988,wf_sweet_spot,100,9,2,0,2025-12-07,2005,25,20,15,15,15,8,fcd6946c-e1dd-43df-9ce7-37a36820100a,https://www.last.fm/music/Vortech,
21,Waltari,98,Finland,Group,"alternative rock, heavy metal, punk, progressive metal, metal, crossover, alternative metal, funk metal",eng,92%,51666,1758311,wf_sweet_spot,240,23,2,0,2025-05-16,1986,25,20,15,15,15,8,1b5843cc-3109-4496-888a-1ca5528aa7f9,https://www.last.fm/music/Waltari,
22,Antti Martikainen,95,Finland,Person,"metal, symphonic metal",eng,100%,60273,1060220,wf_sweet_spot,250,25,0,0,2025-02-03,,25,20,15,15,12,8,36b891ab-5e89-4f17-bb91-f189764de5ff,https://www.last.fm/music/Antti+Martikainen,
23,Baulta,95,Finland,Group,post-rock,eng,100%,16332,208538,wf_sweet_spot,55,5,1,0,2025-12-12,,25,20,15,15,12,8,3f63d399-a880-4967-8a7c-c84d83be4ace,https://www.last.fm/music/Baulta,
24,Don Johnson Big Band,95,Finland,Group,"alternative rock, electronic, hip hop",eng,92%,58947,1425938,wf_sweet_spot,84,8,0,4,2024-04-05,1997,25,20,15,12,15,8,af409a28-59b6-4a22-bead-aed6ebcbf32a,https://www.last.fm/music/Don+Johnson+Big+Band,
25,Druadan Forest,95,Finland,,"dungeon synth, fantasy, ambient, atmospheric black metal, epic, black metal, symphonic/black-metal / ambient",eng,90%,6550,84949,wf_sweet_spot,120,10,4,0,2024-02-23,1998,25,20,15,12,15,8,14a201fa-aee4-4cbb-9504-0049d8d19f9f,https://www.last.fm/music/Druadan+Forest,
26,Erja Lyytinen,95,Finland,Person,blues,eng,92%,14194,171994,wf_sweet_spot,205,20,1,0,2025-03-28,1976,25,20,15,15,12,8,b58cf0ab-c421-4628-8989-b4aa12e8ed76,https://www.last.fm/music/Erja+Lyytinen,
27,Iiro Rantala,95,Finland,Person,jazz,eng,79%,44459,469553,wf_sweet_spot,250,25,0,0,2025-11-14,1970,25,20,15,15,12,8,0a59b069-2fc8-452c-9876-998a941c198c,https://www.last.fm/music/Iiro+Rantala,
28,Morphology,95,Finland,Group,"electronic, electro, techno, acid techno",eng,100%,10705,148420,wf_sweet_spot,170,9,16,0,2024-04-04,,25,20,15,12,15,8,543a21fc-75e7-4283-b1d0-9f00a3c4d576,https://www.last.fm/music/Morphology,
29,Neøv,95,Finland,Group,"dream pop, indie pop",eng,100%,8519,151557,wf_sweet_spot,51,5,0,1,2024-08-23,2012,25,20,15,12,15,8,ff8bd9c1-f689-4da0-9fce-01aaf2fdf0a5,https://www.last.fm/music/+noredirect/NE%C3%98V,
30,Oddarrang,95,Finland,Group,"experimental, jazz, post-rock",eng,75%,9462,99268,wf_sweet_spot,60,6,0,0,2024-04-05,2003,25,20,15,12,15,8,04b1c1d6-d1d4-4a46-9b7d-990913b31703,https://www.last.fm/music/Oddarrang,
31,Resound,95,Finland,Person,drum and bass,eng,100%,11154,52709,wf_sweet_spot,120,7,8,10,2024-12-06,,25,20,15,12,15,8,9879cd2c-368d-48ef-8bc3-c9398c175373,https://www.last.fm/music/Resound,
32,Ride for Revenge,95,Finland,Group,"black metal, experimental black metal, finnish, darkness, evil, satan, experimental",eng,92%,7209,388657,wf_sweet_spot,180,15,6,0,2024-05-22,2001,25,20,15,12,15,8,5f933291-038e-459b-a9a7-eab084d90a5d,https://www.last.fm/music/Ride+For+Revenge,
33,Rubus,95,Finland,Person,"downtempo, instrumental, chillwave, boom bap, instrumental hip hop, lo-fi, lo-fi hip hop, hip hop",eng,90%,8840,31963,wf_sweet_spot,10,0,0,10,2025-07-21,,25,20,12,15,15,8,d498ffe5-d191-464a-a86d-23b6b1d65a7f,https://www.last.fm/music/Rubus,
34,Satanic Warmaster,95,Finland,Group,"metal, black metal, war, darkness, satanism, vampirism, lycanthropia",eng,88%,82629,4586088,wf_sweet_spot,240,23,2,0,2024-12-13,1998,25,20,15,12,15,8,cf9e4560-c798-477e-8fe5-93423009b71b,https://www.last.fm/music/Satanic+Warmaster,
35,Tasavallan Presidentti,95,Finland,Group,"finnish, european, jazz rock, progressive rock, psychedelic folk, psychedelic pop",eng,80%,12021,230640,wf_sweet_spot,152,15,0,2,2024,1969,25,20,15,12,15,8,6f0e86fc-25ff-4e1f-b14e-024020a07bda,https://www.last.fm/music/Tasavallan+Presidentti,
36,Tempo Giusto,95,Finland,Person,"trance, pop, hardcore, dance, house, deep house, techno, electronica",eng,100%,26676,184889,wf_sweet_spot,23,0,1,18,2024-08-05,1986,25,20,15,12,15,8,709b49cc-4c64-4220-a6f9-d8fab1e70465,https://www.last.fm/music/Tempo+Giusto,
37,The Sultans,95,Finland,Group,"blues rock, blues",eng,100%,7760,110462,wf_sweet_spot,40,4,0,0,2024,,25,20,15,12,15,8,79fca765-5bfe-4189-b521-fa2deb08926e,https://www.last.fm/music/The+Sultans,
38,The True Werwolf,95,Finland,Group,"darkness, lycanthropia, hate, perversions, dark ambient, satan, vampirism, sex",eng,93%,5298,115134,wf_sweet_spot,130,8,10,0,2024-01-24,2002,25,20,15,12,15,8,921fccbe-5bb6-442f-9b69-bb3f3d9baf01,https://www.last.fm/music/The+True+Werwolf,
39,Timo Lassy,95,Finland,Person,"jazz, soul jazz, latin jazz, jazzmusiker, saxofonist",eng,96%,32854,259420,wf_sweet_spot,133,12,1,8,2024-02-23,1974,25,20,15,12,15,8,65541f32-262c-4a6a-a887-d192d6630ff3,https://www.last.fm/music/Timo+Lassy,
40,Verneri Pohjola,95,Finland,Person,"jazz, avant-garde jazz, contemporary jazz",eng,85%,16952,108639,wf_sweet_spot,202,20,0,2,2024-11-15,1977,25,20,15,12,15,8,2481455b-77fc-4211-89f3-44b9ca40d619,https://www.last.fm/music/Verneri+Pohjola,
41,Wheel,95,Finland,Group,"rock, progressive rock, progressive metal, metal, alternative metal",eng,100%,79886,1474800,wf_sweet_spot,58,3,4,8,2024-05-03,2015,25,20,15,12,15,8,4a059eea-f04b-4a49-a705-dd7d15566116,https://www.last.fm/music/Wheel,
42,Wolfhorde,95,Finland,Group,"history, black metal, death, mythology, paganism, folk metal, nature",eng,80%,14097,147272,wf_sweet_spot,48,3,3,3,2024-08-30,2000,25,20,15,12,15,8,e20f4c90-6dfd-46c2-b3a1-254599a8a875,https://www.last.fm/music/Wolfhorde,
43,Aki Rissanen,93,Finland,Person,"contemporary jazz, jazz, jazz fusion",eng,68%,7612,47630,wf_sweet_spot,150,15,0,0,2025,1980,25,15,15,15,15,8,bd929a99-9a63-453d-abaf-35a0c8d16fbc,https://www.last.fm/music/Aki+Rissanen,
44,Lau Nau,93,Finland,Person,"ambient, chamber folk, folk pop",fin,40%,45614,711791,wf_sweet_spot,145,14,1,0,2025-12-10,1980,25,15,15,15,15,8,a7a48193-76a8-4a7c-806a-cdc419d0a52e,https://www.last.fm/music/Lau+Nau,
45,Orvokki,93,Finland,Person,indie pop,fin,33%,7039,151191,wf_sweet_spot,25,2,1,0,2025-11-07,,25,15,15,15,15,8,d024bce3-b20d-4da6-948e-d0855f64ab79,https://www.last.fm/music/Orvokki,
46,Pharaoh Overlord,93,Finland,Group,"rock, metal, stoner rock, psychedelic rock, experimental rock, rock and indie",eng,64%,23179,406653,wf_sweet_spot,232,23,0,2,2025-07-25,2000,25,15,15,15,15,8,a88146b9-5a2e-4865-9d07-96d6b2819878,https://www.last.fm/music/Pharaoh+Overlord,
47,Grande Mahogany,92,Finland,Group,"funk, psychedelic rock, neo-psychedelia",eng,100%,19090,206367,wf_sweet_spot,10,1,0,0,2024-02-09,,25,20,12,12,15,8,cce3fef1-eed5-46bc-8daf-c874e1687e6c,https://www.last.fm/music/Grande+Mahogany,
48,Mikko Joensuu,92,Finland,Person,"dream pop, progressive electronic",eng,100%,15918,205524,wf_sweet_spot,41,4,0,1,2024-01-26,1986,25,20,15,12,12,8,1879f99d-e3fe-4013-9fb4-1ffd68b3e33f,https://www.last.fm/music/Mikko+Joensuu,
49,Netrum,92,Finland,Person,"electronic, house, edm",eng,100%,68460,1036327,wf_sweet_spot,15,0,0,15,2024-12-20,,25,20,15,12,12,8,e654be5a-53e6-4e7a-9c78-2e14428e893a,https://www.last.fm/music/Netrum,
50,vhskid.,92,Finland,Group,"hip hop, chillwave, instrumental hip hop, boom bap, lo-fi, lo-fi hip hop, downtempo, instrumental",eng,100%,29413,85860,wf_sweet_spot,12,0,0,12,2025-11-24,,25,20,12,15,12,8,9bd2a6cd-75be-4774-bc38-a207511347ad,https://www.last.fm/music/vhskid.,
51,Arktau Eos,91,Finland,Group,"dark ambient, drone, electro",eng,100%,9625,441348,wf_sweet_spot,85,8,1,0,2023-01,2005,25,20,15,8,15,8,3f551681-b3b9-40a3-9bc9-6fc115787f08,https://www.last.fm/music/Arktau+Eos,
52,Dead Shape Figure,91,Finland,Group,"melodic death metal, thrash metal",eng,100%,12138,198030,wf_sweet_spot,95,6,5,10,2023-05-12,2003,25,20,15,8,15,8,bf665135-3852-4a65-a86e-53475ed53b47,https://www.last.fm/music/Dead+Shape+Figure,
53,DraGonis,91,Finland,Person,edm,eng,100%,6695,107154,wf_sweet_spot,37,0,3,22,2025-03-07,,25,20,15,15,8,8,851ff3cf-dbfb-4e56-b650-c4f3e35093bd,https://www.last.fm/music/Dragonis,
54,Eero Koivistoinen,91,Finland,Person,jazz,eng,71%,5388,48768,wf_sweet_spot,236,23,1,1,2023-09-29,1946,25,20,15,8,15,8,e6a4d776-739c-4659-bbde-68f7b8b611eb,https://www.last.fm/music/Eero+Koivistoinen,
55,Lackluster,91,Finland,Person,"electronic, idm",eng,100%,80867,1033971,wf_sweet_spot,210,20,2,0,2023-04-17,1978,25,20,15,8,15,8,7e31d421-093d-464f-bc19-7df2b2473748,https://www.last.fm/music/Lackluster,
56,Sansa,91,Finland,Person,"downtempo, pop, drum and bass, dance, house, finnish, deep house, electronica",eng,100%,10174,78663,wf_sweet_spot,57,5,0,7,2023-06-15,1980,25,20,15,8,15,8,54a62c6f-bf1c-4b0b-9f74-5466d6fac6f8,https://www.last.fm/music/Sansa,
57,Ville Valo,91,Finland,Person,"alternative rock, rock, gothic rock",eng,89%,82291,648924,wf_sweet_spot,29,2,1,4,2023-09-08,1976,25,20,15,8,15,8,d0169ab3-c719-4a25-be8b-8d707c9a39b7,https://www.last.fm/music/Ville+Valo,
58,Wigwam,91,Finland,Group,"rock, progressive rock, finnish, jazz rock, european",eng,92%,50998,1012632,wf_sweet_spot,214,21,0,4,2023-01,1969,25,20,15,8,15,8,dad658a2-b312-4728-b180-ce8fff119db6,https://www.last.fm/music/Wigwam,
59,Xysma,91,Finland,Group,"death metal, deathgrind, goregrind, death 'n' roll, garage rock, metal, death'n'roll, grindcore",eng,100%,13884,405845,wf_sweet_spot,106,9,3,1,2023-03-24,1988,25,20,15,8,15,8,bc02d844-575a-4d82-a0ac-09d9d93377f1,https://www.last.fm/music/Xysma,
60,Janna,90,Finland,Person,"pop, soul, international, r&b, finnish rock, finnish pop",eng,55%,21897,297408,wf_sweet_spot,66,6,0,6,2024-08-30,1981,25,15,15,12,15,8,b5b1055b-c8f5-4c71-b477-a66d63246395,https://www.last.fm/music/Janna,
61,Manolo,90,Finland,Person,"house, indie dance, nu disco",eng,64%,11026,55626,wf_sweet_spot,37,1,5,2,2025-06-30,,25,15,15,15,12,8,6d612dc6-1b74-4a9d-9f37-316b67e4aa6b,https://www.last.fm/music/Manolo,
62,BEHM,88,Finland,Person,"pop, iskelmä, art pop, finnish rock, finnish pop, finnish hip hop",fin,18%,25635,1740433,wf_sweet_spot,33,2,0,13,2025-09-11,1994,25,10,15,15,15,8,2f0d2263-76ee-4bb2-a990-01bd5ac3a867,https://www.last.fm/music/BEHM,
63,Eevil Stöö,88,Finland,Person,"trap, cloud rap",fin,5%,20630,2014475,wf_sweet_spot,205,18,5,0,2025-08-29,,25,10,15,15,15,8,4ea14f44-0dc4-441b-b9bf-c92141db4c26,https://www.last.fm/music/+noredirect/Eevil+St%C3%B6%C3%B6,
64,Elastinen,88,Finland,Person,"hip hop, pop rap",fin,4%,80954,2949451,wf_sweet_spot,122,11,0,12,2025-05-16,1981,25,10,15,15,15,8,147074e5-3ac8-478b-a852-daf4326281af,https://www.last.fm/music/Elastinen,
65,Hussain Ali,88,Finland,Person,"hip hop, lo-fi hip hop, downtempo, chillwave, instrumental hip hop, instrumental, lo-fi, boom bap",eng,100%,78429,537511,wf_sweet_spot,10,0,0,10,2023-08-22,,25,20,12,8,15,8,3e1c995a-b16d-4038-a11f-086925b94b6e,https://www.last.fm/music/Hussain+Ali,
66,Jokujekku,88,Finland,Person,"downtempo, instrumental, hip hop, lo-fi, boom bap, chillwave, instrumental hip hop, lo-fi hip hop",eng,96%,67677,248058,wf_sweet_spot,40,0,4,20,2023-12-04,,25,20,15,8,12,8,a26b0abf-79e5-48ce-96cd-02df62d59446,https://www.last.fm/music/Jokujekku,
67,Piirpauke,88,Finland,Group,"jazz, world fusion, jazz fusion",mul,4%,16920,194175,wf_sweet_spot,250,25,0,0,2025-09-26,1974,25,10,15,15,15,8,90e9e2b4-b1b2-491f-84c7-df117edaa9f5,https://www.last.fm/music/Piirpauke,
68,Risto,88,Finland,Group,"indie rock, rock",fin,11%,33246,1317208,wf_sweet_spot,90,8,2,0,2026-04-03,2002,25,10,15,15,15,8,ef93da9e-2e6a-49e6-a139-6844f0a428a2,https://www.last.fm/music/Risto,
69,Venus Star,88,Finland,Group,black metal,eng,100%,2047,50725,small,90,7,4,0,2025-06-11,,15,20,15,15,15,8,6557a4b1-314c-4296-9525-d64ad8d23123,https://www.last.fm/music/Venus+Star,
70,pehmoaino,88,Finland,Person,"synth-pop, indie pop, ambient pop",fin,17%,21762,1998404,wf_sweet_spot,19,1,1,4,2025-04-10,2001,25,10,15,15,15,8,6489acf8-9e56-42cb-89ae-1be4811930e0,https://www.last.fm/music/Pehmoaino,
71,Altaria,87,Finland,Group,"heavy metal, power metal",eng,100%,75536,1198680,wf_sweet_spot,72,6,2,2,2022-07-08,2000,25,20,15,4,15,8,fcc62161-ea44-4864-8f68-c49a88f141fe,https://www.last.fm/music/Altaria,
72,Avathar,87,Finland,Group,"folk metal, black metal",eng,92%,8549,150789,wf_sweet_spot,70,3,8,0,2021-04-01,2000,25,20,15,4,15,8,b8449ea9-5541-483a-b5a3-3c5b3ffcc60e,https://www.last.fm/music/Avathar,
73,Bonehunter,87,Finland,Group,"war, destruction, bitches, horror, black metal, thrash metal",eng,94%,8252,180670,wf_sweet_spot,91,5,8,1,2021-08-20,2011,25,20,15,4,15,8,1b477133-afaa-435e-9611-670f0d2d0d6d,https://www.last.fm/music/Bonehunter,
74,Brymir,87,Finland,Group,"pagan, symphonic metal, melodic death metal, pagan metal, folk metal",eng,100%,37991,1210361,wf_sweet_spot,45,4,0,5,2022-08-26,2006,25,20,15,4,15,8,8b848759-779b-4069-bb5c-b4d2b725b4f8,https://www.last.fm/music/Brymir,
75,Demilich,87,Finland,Group,"death metal, technical death metal",eng,100%,65555,2211793,wf_sweet_spot,50,3,4,0,2021-12-07,1990,25,20,15,4,15,8,c12476fc-3f8d-4340-8dba-883bdee08ee7,https://www.last.fm/music/Demilich,
76,Gloomy Grim,87,Finland,Group,"anti-christianity, darkness, horror, satan, war, black metal, symphonic black metal, death",eng,100%,15440,340899,wf_sweet_spot,136,11,5,1,2021-04-28,1995,25,20,15,4,15,8,4d359381-3686-4674-a851-20d14c82fea5,https://www.last.fm/music/Gloomy+Grim,
77,Jess and the Ancient Ones,87,Finland,Group,"rock, psychedelic rock, occult rock, occult",eng,100%,57054,1065627,wf_sweet_spot,61,4,4,1,2021-05-21,2010,25,20,15,4,15,8,d1a5fe13-837b-47c6-9cde-a42decd1ad2f,https://www.last.fm/music/Jess+and+the+Ancient+Ones,
78,L.A.O.S.,87,Finland,Group,"dance and electronica, drum and bass",eng,100%,22560,200213,wf_sweet_spot,31,2,1,6,2021-08-16,,25,20,15,4,15,8,3b562407-2d7d-44fa-8025-4af79e48e725,https://www.last.fm/music/L.A.O.S.,
79,Pintandwefall,87,Finland,Group,"garage rock, _private tag 1, finnish",eng,95%,16686,553204,wf_sweet_spot,96,7,5,1,2022-02-25,2006,25,20,15,4,15,8,b889c964-2d19-43b4-8347-d1e84f85db22,https://www.last.fm/music/Pintandwefall,
80,Shape of Despair,87,Finland,Group,"doom metal, funeral doom metal, gothic doom metal",eng,100%,91425,2832236,wf_sweet_spot,95,8,2,5,2022-02-22,1998,25,20,15,4,15,8,4ee6ca6b-f004-4747-b0b5-b2686b784859,https://www.last.fm/music/Shape+of+Despair,
81,Skepticism,87,Finland,Group,"metal, finnish, doom metal, funeral doom metal",eng,100%,52624,1411938,wf_sweet_spot,83,6,4,3,2021-09-24,1991,25,20,15,4,15,8,20d47cfb-cd42-41e8-b7e0-e7fdd3cf2fe4,https://www.last.fm/music/Skepticism,
82,Wyrd,87,Finland,Group,"black metal, folk metal, finnish, doom metal, pagan black metal",eng,70%,36972,860157,wf_sweet_spot,185,18,1,0,2021-02-25,1998,25,20,15,4,15,8,12b44a9f-5fd1-4b7d-a76d-688df71dd07b,https://www.last.fm/music/Wyrd,
83,Ferus Melek,86,Finland,Person,"dark electro, synthwave, darksynth, retrowave, darkwave",eng,100%,20747,184173,wf_sweet_spot,53,2,3,18,2026-01-09,,25,20,15,15,3,8,57766674-6713-4671-bb3c-823056f9df64,https://www.last.fm/music/Ferus+Melek,
84,Hooded Menace,86,Finland,Group,"metal, finnish, death metal, doom metal, death-doom metal, death doom metal",unknown,0%,41952,1047047,wf_sweet_spot,137,8,10,7,2025-10-03,2007,25,8,15,15,15,8,2de34daa-7256-495f-84c2-9f7459748492,https://www.last.fm/music/Hooded+Menace,
85,Antipope,85,Finland,Group,"metal, progressive metal, melodic death metal, melodic metal, heavy metal, finland, black metal",eng,100%,2012,33297,small,101,8,4,1,2024-10-25,2004,15,20,15,12,15,8,fef912af-423d-47b4-9bc9-8ebe5ee4577a,https://www.last.fm/music/Antipope,
86,Bomfunk MC’s,85,Finland,Group,"pop, hip hop, breakbeat, pop and chart",eng,100%,3079,20713,small,53,4,0,13,2024-09-20,1997,15,20,15,12,15,8,5dfbf314-2052-4c3b-9a7a-5270fb3b2a55,https://www.last.fm/music/Bomfunk+MC%E2%80%99s,
87,Cannibal Accident,85,Finland,Group,"deathgrind, death metal, grindcore",eng,100%,2289,64148,small,105,8,5,0,2025-02-28,2007,15,20,15,15,12,8,8195d698-a61c-43a9-a8ff-d18054c163c3,https://www.last.fm/music/Cannibal+Accident,
88,Horna,85,Finland,Group,"metal, black metal, darkness, evil, paganism, occultism, satanism",fin,4%,68963,3632610,wf_sweet_spot,250,25,0,0,2024-09-13,1994,25,10,15,12,15,8,4fa62d5a-89aa-4a5e-b383-b29396eb5c94,https://www.last.fm/music/Horna,
89,Iterum Nata,85,Finland,Group,"psychedelic folk, psychedelic rock",eng,100%,2917,27278,small,50,5,0,0,2024-03-15,,15,20,15,12,15,8,07467778-7240-42df-8367-a3c65ef072cb,https://www.last.fm/music/Iterum+Nata,
90,Pekko Käppi,85,Finland,Person,"folk, folk rock, jouhikko",fin,8%,20127,209017,wf_sweet_spot,161,15,2,1,2026-04-02,1976,25,10,15,15,12,8,9dc1d367-8b0a-49b8-825e-78b88c93d28d,https://www.last.fm/music/+noredirect/Pekko+K%C3%A4ppi,
91,Sini Sabotage,85,Finland,Person,pop rap,fin,8%,30238,512956,wf_sweet_spot,33,2,1,8,2024-01-17,1986,25,10,15,12,15,8,03b4489b-dd01-4b89-bb62-4cbd40e5010c,https://www.last.fm/music/Sini+Sabotage,
92,Malum,84,Finland,Group,"black metal, satanism",eng,75%,6531,90985,wf_sweet_spot,105,9,3,0,2021-04-16,2013,25,20,15,4,12,8,5b6407d3-f90b-4164-9339-5add0a1116a2,https://www.last.fm/music/Malum,
93,Orkidea,84,Finland,Person,"trance, electronic",eng,95%,96878,909147,wf_sweet_spot,143,11,5,8,2021-03-15,1977,25,20,15,4,12,8,17294d99-11ea-4fb3-af2f-33e607a8c079,https://www.last.fm/music/Orkidea,
94,Trisector,84,Finland,Person,drum and bass,eng,100%,9420,47116,wf_sweet_spot,13,0,2,3,2022-09-23,,25,20,12,4,15,8,b554ebf4-5b85-4c06-9262-a33a21c5aa70,https://www.last.fm/music/Trisector,
95,Aavikko,83,Finland,Group,electronic,fin,32%,35171,777183,wf_sweet_spot,103,8,4,3,2023-11-10,1995,25,15,15,8,12,8,bceb4b98-11a7-4ba7-a498-e73a8c9274f1,https://www.last.fm/music/Aavikko,
96,Barathrum,83,Finland,Group,"black metal, doom metal, darkness, occultism, satanism",unknown,0%,39099,1494358,wf_sweet_spot,183,14,8,3,2024-10-11,1991,25,8,15,12,15,8,d7f473aa-ab4e-405f-bc90-c35fc30bbbe1,https://www.last.fm/music/Barathrum,
97,Förgjord,83,Finland,Group,"satanism, black metal, lycanthropia",eng,57%,4885,245840,small,120,10,4,0,2025-07-01,1995,15,15,15,15,15,8,506cb4c9-79b0-4b41-9d0f-d9c8db64da75,https://www.last.fm/music/+noredirect/F%C3%B6rgjord,
98,Juhani Aaltonen,83,Finland,Person,"free jazz, jazz",eng,61%,1417,10922,small,250,25,0,0,2026-02-20,1935,15,15,15,15,15,8,067130a6-8986-47cd-ac6b-80dd37da78b8,https://www.last.fm/music/Juhani+Aaltonen,
99,Kêres,83,Finland,Group,black metal,fin,50%,2261,97578,small,240,23,2,0,2025-12-14,,15,15,15,15,15,8,253a657e-d9d5-4972-a0bc-66a813878b57,https://www.last.fm/music/K%C3%AAres,
100,Yoens,83,Finland,Person,"chillwave, synthwave, chillsynth",eng,100%,5530,24575,wf_sweet_spot,10,1,0,0,2026-03-18,,25,20,12,15,3,8,e16597ab-4066-4ebf-9bfd-8c38937cda5c,https://www.last.fm/music/Yoens,
101,Kuolemanlaakso,82,Finland,Group,doom metal,fin,39%,9412,307508,wf_sweet_spot,54,4,2,4,2022-12-16,2010,25,15,15,4,15,8,0545757a-aa96-4237-afad-95424d212a0a,https://www.last.fm/music/Kuolemanlaakso,
102,Onségen Ensemble,82,Finland,Group,"post-rock, progressive rock, experimental, space rock",eng,60%,10237,78996,wf_sweet_spot,46,4,1,1,2022-11-10,2005,25,15,15,4,15,8,30cc96e5-1c85-4906-8b17-03239391d41e,https://www.last.fm/music/Ons%C3%A9gen+Ensemble,
103,Tree Climber,82,Finland,Person,"lo-fi hip hop, instrumental hip hop, downtempo, instrumental, boom bap, hip hop, chillwave, lo-fi",eng,100%,1356,7849,small,54,1,5,19,2024-05-06,,15,20,15,12,12,8,f732026a-8746-4422-81e6-b62da643db4f,https://www.last.fm/music/Tree+Climber,
104,Aikakone,81,Finland,Group,"eurodance, pop, electronic, finnish, techno",fin,22%,42219,608324,wf_sweet_spot,109,9,1,14,2023-06-16,1995,25,10,15,8,15,8,1c9a8777-e808-4ea3-a9a3-0358b454cf7b,https://www.last.fm/music/Aikakone,
105,Astral Magic,81,Finland,Group,"experimental, psychedelic rock, space rock, electronic",eng,96%,1192,99423,small,250,25,0,0,2023-03-03,,15,20,15,8,15,8,b6d4b656-8ac3-411a-8c0e-492c1fe21f69,https://www.last.fm/music/Astral+Magic,
106,Axel Thesleff,81,Finland,Person,electronic,eng,92%,122077,1103680,big,121,8,6,11,2025-03-21,1991,8,20,15,15,15,8,8b05b805-7376-47f2-acc4-05564502a888,https://www.last.fm/music/Axel+Thesleff,
107,Azaghal,81,Finland,Group,"satanism, hatred, anti-christianity, terror, war, black metal",fin,12%,43674,1361472,wf_sweet_spot,250,25,0,0,2023-02-24,1995,25,10,15,8,15,8,499d753e-aea0-417b-a9be-e77747999aae,https://www.last.fm/music/Azaghal,
108,Battle Beast,81,Finland,Group,"rock, heavy metal, metal, hard rock, power metal, arena rock, aor, pop metal",eng,100%,170221,8754255,big,111,8,4,11,2025-10-17,2008,8,20,15,15,15,8,d0cb5651-e1f2-4ffb-8ae1-b4b263af75fa,https://www.last.fm/music/Battle+Beast,
109,Before the Dawn,81,Finland,Group,"melodic death metal, metal, gothic metal, death doom metal, death-doom",eng,100%,151039,9853411,big,133,10,5,8,2025-09-05,1999,8,20,15,15,15,8,0915e81d-e897-415c-b129-04dab2843240,https://www.last.fm/music/Before+the+Dawn,
110,Beherit,81,Finland,Group,"ambient, metal, death metal, black metal, dark ambient, darkness, occult, mysticism",eng,100%,107667,4613930,big,200,15,10,0,2025-03-31,1989,8,20,15,15,15,8,65a8ee1c-20ef-4e2d-bf55-33a35bd7e644,https://www.last.fm/music/Beherit,
111,Ensiferum,81,Finland,Group,"melodic death metal, metal, power metal, folk metal, viking metal, viking",eng,100%,498229,40866628,big,158,13,4,8,2026-01-07,1995,8,20,15,15,15,8,6e64cbfa-1a60-450e-81f4-c044c868ab24,https://www.last.fm/music/Ensiferum,
112,Gasellit,81,Finland,Group,"hip hop, pop rap",fin,7%,30898,2267407,wf_sweet_spot,79,7,1,4,2023-03-31,,25,10,15,8,15,8,98fb770e-142f-4bb9-992b-e91d4ae11a81,https://www.last.fm/music/Gasellit,
113,Lost Society,81,Finland,Group,"thrash metal, metal",eng,100%,101221,2376082,big,92,7,2,12,2026-03-06,2010,8,20,15,15,15,8,0a297c4d-9e26-4428-ba33-e99722eeed87,https://www.last.fm/music/Lost+Society,
114,Luomo,81,Finland,Person,"microhouse, house",eng,100%,162356,1861108,big,89,5,5,14,2026-02-27,1976,8,20,15,15,15,8,d0eb9b16-9fb0-4368-9024-2042a60f2ee2,https://www.last.fm/music/Luomo,
115,Marjo Leinonen,81,Finland,Person,"rock, pop, blues",eng,100%,2125,10112,small,20,2,0,0,2023-03-31,1966,15,20,15,8,15,8,4371cae0-4fe6-4a21-938e-32107367d963,https://www.last.fm/music/Marjo+Leinonen,
116,Misha,81,Finland,Person,"instrumental, boom bap, instrumental hip hop, lo-fi hip hop, downtempo, hip hop, chillwave, lo-fi",eng,100%,123422,911425,big,117,8,5,12,2026-02-20,,8,20,15,15,15,8,da31f94b-86c4-4611-8f59-ce4910079ead,https://www.last.fm/music/Misha,
117,Monma,81,Finland,Person,"lo-fi hip hop, hip hop, instrumental hip hop, chillwave, lo-fi, downtempo, instrumental, boom bap",eng,95%,264855,1787370,big,46,2,2,16,2025-12-09,,8,20,15,15,15,8,21ec9aec-c067-4b0f-ba7f-0837bae6e31a,https://www.last.fm/music/Monma,
118,Mors Principium Est,81,Finland,Group,"melodic death metal, death metal, technical death metal",eng,100%,188133,9273146,big,113,9,3,8,2025-09-24,1999,8,20,15,15,15,8,8d08484c-c532-457a-a04c-2510da38744e,https://www.last.fm/music/Mors+Principium+Est,
119,Omnium Gatherum,81,Finland,Group,"melodic death metal, finnish, death metal",eng,96%,153110,7065466,big,157,12,6,7,2025-11-07,1996,8,20,15,15,15,8,9319e8ca-75f1-4d43-acba-eb31c9f1c38e,https://www.last.fm/music/Omnium+Gatherum,
120,Peela,81,Finland,Group,"jazz, jazz fusion",eng,100%,4231,20392,small,16,1,1,1,2023-04-21,,15,20,15,8,15,8,247406d6-f41e-41a8-b711-d8c8ad5423a5,https://www.last.fm/music/Peela,
121,Sielunvihollinen,81,Finland,Group,"melodic black metal, black metal, finland, satanism, anti-christianity, anti-islam",fin,22%,13146,511951,wf_sweet_spot,146,12,5,1,2023-09-08,2011,25,10,15,8,15,8,6000acbf-a8ea-4dc6-b866-550ac1ac3660,https://www.last.fm/music/Sielunvihollinen,
122,Tarja,81,Finland,Person,"heavy metal, metal, crossover, power metal, symphonic metal, symphonic rock, tarja, finlandia",eng,79%,285566,11899103,big,250,25,0,0,2026-06-12,1977,8,20,15,15,15,8,1fd8c24b-eaf3-4ee2-9931-b8130099d789,https://www.last.fm/music/Tarja,
123,Terveet Kädet,81,Finland,Group,"hardcore punk, tornio, finland, punk, thrash metal",fin,24%,22629,839301,wf_sweet_spot,220,19,6,0,2023-03-03,1980,25,10,15,8,15,8,bfa33dfc-16ba-49d6-84ba-5cd8e986e46d,https://www.last.fm/music/+noredirect/Terveet+K%C3%A4det,
124,YOTTO,81,Finland,Person,"trance, downtempo, pop, fixme, dance, house, deep house, techno",eng,100%,197799,2733191,big,145,8,12,5,2025-11-20,1986,8,20,15,15,15,8,7355a02a-b14a-4719-aa09-477b1964b2a3,https://www.last.fm/music/Yotto,
125,cocabona,81,Finland,Person,"lo-fi hip hop, hip hop, instrumental, chillwave, downtempo, instrumental hip hop, lo-fi, boom bap",eng,100%,141159,663833,big,35,1,1,20,2025-09-26,,8,20,15,15,15,8,0c60cfb6-69d8-4159-b413-b89da0c52fed,https://www.last.fm/music/cocabona,
126,Janne Westerlund,80,Finland,Person,singer-songwriter,eng,45%,1381,25514,small,70,7,0,0,2025-11-07,1973,15,15,15,15,12,8,ceb64362-9621-48b4-99fc-bcff703e69b9,https://www.last.fm/music/Janne+Westerlund,
127,Sandman,79,Finland,,synthwave,eng,100%,46301,301568,wf_sweet_spot,15,0,2,5,2023-09-29,,25,20,15,8,3,8,fde1bda7-99a9-44d3-9359-7846e71b237e,https://www.last.fm/music/Sandman,
128,Islaja,78,Finland,Person,psychedelic,fin,15%,45042,736731,wf_sweet_spot,82,8,0,2,2023-10-13,1979,25,10,15,8,12,8,b9ffe330-729d-434b-b34b-9dce5bad0f70,https://www.last.fm/music/Islaja,
129,Jaakko Eino Kalevi,78,Finland,Person,electronic,eng,75%,146772,1760680,big,119,10,3,4,2026-03-19,,8,20,15,15,12,8,81590419-e62c-43dd-9097-aaf6274c77cc,https://www.last.fm/music/Jaakko+Eino+Kalevi,
130,Joose Keskitalo,78,Finland,Person,singer-songwriter,fin,10%,38388,1255983,wf_sweet_spot,132,12,2,2,2024,1982,25,10,15,12,8,8,a7b3fee7-f5d5-4caf-a31e-a2b410baf97a,https://www.last.fm/music/Joose+Keskitalo,
131,Less Gravity,78,Finland,Person,"hip hop, chillwave, instrumental hip hop, lo-fi, instrumental, lo-fi hip hop, downtempo, boom bap",eng,100%,206552,1737256,big,67,2,6,17,2025-12-12,,8,20,15,15,12,8,0d38ff4f-725b-4db3-bd1c-8b7456c44d65,https://www.last.fm/music/Less+Gravity,
132,Max Lilja,78,Finland,Person,"cello, elecronica, acoustic, electric, apocalyptica, hevein, tarja",eng,75%,2620,26815,small,40,4,0,0,2024-05-03,1975,15,20,15,12,8,8,fc6c07b0-e05d-4fa8-a29b-1f49184efdab,https://www.last.fm/music/Max+Lilja,
133,Michael Cassette,78,Finland,Group,"synthwave, progressive house",eng,100%,101985,1080584,big,59,3,3,14,2026-06-19,,8,20,15,15,12,8,b9d537a1-a655-4c71-8466-0a65d69dc012,https://www.last.fm/music/Michael+Cassette,
134,Mineral,78,Finland,Person,drum and bass,eng,100%,280518,8177963,big,61,4,4,1,2025-08-22,,8,20,15,15,12,8,b92fbf93-4e2d-424d-a888-7da5fc41d0b6,https://www.last.fm/music/Mineral,
135,NightStop,78,Finland,Person,"darksynth, synthwave",eng,95%,145308,2348024,big,100,7,3,15,2025-08-01,,8,20,15,15,12,8,692d52cc-2e26-4c44-9a2e-d094fe28070b,https://www.last.fm/music/Nightstop,
136,Rasmus Roimela,78,Finland,Person,"singer-songwriter, indie rock, synth-pop, indie pop, indie folk",eng,100%,11,864,too_small,33,3,0,3,2025-07-25,2004,5,20,15,15,15,8,08b14367-7d7a-4928-80e5-072382724408,https://www.last.fm/music/Rasmus+Roimela,
137,Rytmihäiriö,78,Finland,Group,"thrash metal, hardcore punk, grindcore, crossover thrash, surmacore",fin,7%,32332,2287745,wf_sweet_spot,112,10,2,2,2023-08-11,1988,25,10,15,8,12,8,ce6b102e-63f9-4618-a9cb-9731b5e37c4b,https://www.last.fm/music/+noredirect/Rytmih%C3%A4iri%C3%B6,
138,Swallow the Sun,78,Finland,Group,"metal, finnish, death metal, doom metal, death-doom metal, death doom metal, via mistica",eng,100%,237528,15411875,big,123,10,2,13,2024-10-18,2000,8,20,15,12,15,8,0f6df3f2-01f5-4d9a-a047-a76c907d7b66,https://www.last.fm/music/Swallow+the+Sun,
139,Wintersun,78,Finland,Group,"melodic death metal, metal, finnish, death metal, symphonic metal, folk metal, finland, melodic metal",eng,100%,303585,13298544,big,172,16,2,2,2024-11-15,2003,8,20,15,12,15,8,c054ea6b-c585-41eb-ae7e-4b0ca43308ff,https://www.last.fm/music/Wintersun,
140,Cosmo Jones Beat Machine,77,Finland,Group,"tundra boogie, blues",eng,100%,2673,26610,small,61,6,0,1,2021-05-07,1998,15,20,15,4,15,8,7da16b7c-027e-46b1-aea6-04aeae126dcf,https://www.last.fm/music/Cosmo+Jones+Beat+Machine,
141,Edge of Haze,77,Finland,Group,"progressive rock, progressive metal",eng,100%,1582,23716,small,52,4,1,7,2022-11-01,2010,15,20,15,4,15,8,2a20f22b-8ef3-415a-95ac-229fec2702af,https://www.last.fm/music/Edge+Of+Haze,
142,Freckleface,77,Finland,Person,"dream pop, indie pop, indie rock, psychedelic pop",eng,100%,2414,7635,small,15,1,1,0,2022-06-11,,15,20,15,4,15,8,3a5a19c9-8122-40bb-bd0f-7bee81d725f9,https://www.last.fm/music/Freckleface,
143,Garden of Worm,77,Finland,Group,"metal, doom metal, psychedelic, psychedelic rock",eng,100%,1915,26385,small,40,3,2,0,2022-07-18,2003,15,20,15,4,15,8,55f9efed-ac98-4c42-bb70-6aa08fe667c0,https://www.last.fm/music/Garden+of+Worm,
144,Greenrose Faire,77,Finland,Group,folk rock,eng,100%,1012,23552,small,55,5,1,0,2021-06-04,2007,15,20,15,4,15,8,258ad750-4954-45fa-9e91-9e8404097682,https://www.last.fm/music/Greenrose+Faire,
145,LAHO,77,Finland,Group,"electronic, industrial, industrial rock, industrial metal, synthwave",eng,100%,4730,65933,small,18,1,1,3,2021-12-12,2006,15,20,15,4,15,8,1e713689-1e8d-445c-8ecb-7756812cb9ec,https://www.last.fm/music/LAHO,
146,Pyhimys,77,Finland,Person,"pop rap, hip hop",fin,9%,49463,5777028,wf_sweet_spot,156,15,1,1,2021-07-23,1981,25,10,15,4,15,8,d6241926-6d71-443b-a28e-4fa1e11ab59b,https://www.last.fm/music/Pyhimys,
147,Sadistik Forest,77,Finland,Group,"post hardcore, progressive metal, sludge metal, thrash metal, metal, black metal, deathcore, doom",eng,100%,2078,33019,small,40,3,2,0,2021-05-28,2007,15,20,15,4,15,8,20afa94c-adcb-4aff-beae-e86cf5f57b90,https://www.last.fm/music/Sadistik+Forest,
148,Tuomari Nurmio,77,Finland,Person,"finnish, experimental rock, rock",fin,12%,44883,1171945,wf_sweet_spot,250,25,0,0,2022-09-02,1950,25,10,15,4,15,8,1fb517fd-25e4-4f71-9967-6e2674c781ed,https://www.last.fm/music/Tuomari+Nurmio,
149,KYPCK,76,Finland,Group,doom metal,unknown,0%,32820,1449637,wf_sweet_spot,53,5,0,3,2023-08-18,2007,25,8,15,8,12,8,995cad33-034c-4aa0-ac5b-b2d5b654c5ff,https://www.last.fm/music/KYPCK,
150,Käärijä,76,Finland,Person,"alternative rap, eurovision 2023 artists",fin,35%,308958,12943939,big,51,2,2,21,2025-03-21,1993,8,15,15,15,15,8,7d863b14-ff39-49e0-9efc-956e15769457,https://www.last.fm/music/K%C3%A4%C3%A4rij%C3%A4,
151,Paleface,76,Finland,Person,"hip hop rnb and dance hall, finnish, hip hop, political hip hop",fin,43%,126691,2995275,big,146,13,1,11,2025-04-16,1978,8,15,15,15,15,8,fda150d3-bb17-4f8e-bb0c-52f0da218ba8,https://www.last.fm/music/Paleface,
152,Vladislav Delay,76,Finland,Person,"electroacoustic, downtempo, glitch, dub techno, ambient, ambient dub, power noise",fin,33%,145851,2020487,big,230,23,0,0,2025-12-31,1976,8,15,15,15,15,8,039cafb3-4f3d-44a9-b956-7705323f025b,https://www.last.fm/music/Vladislav+Delay,
153,Amorphis,75,Finland,Group,"melodic death metal, progressive metal, metal, finnish, death metal, clean vocals, melodic, symphonic metal",eng,100%,559223,45011939,too_big,250,25,0,0,2025-09-24,1990,2,20,15,15,15,8,efaefde1-e09b-4d49-9d8e-b1304d2ece8d,https://www.last.fm/music/Amorphis,
154,Animal Genie,75,Finland,Person,"indie pop, bedroom pop, alternative rock, indie rock, neo-psychedelia, dream pop, psychedelic rock",eng,100%,100,1066,too_small,20,1,1,5,2024-10-01,1992,5,20,15,12,15,8,90a345e6-00df-4c6c-84e9-f8ca16232a85,https://www.last.fm/music/Animal+Genie,
155,Lala Salama,75,Finland,Group,"indie rock, shoegaze",fin,20%,4061,63160,small,18,1,1,3,2025-03-21,,15,10,15,15,12,8,defbcce5-e467-4d4e-99f0-91624086b340,https://www.last.fm/music/Lala+Salama,
156,Lordi,75,Finland,Group,"metal, finnish, hard rock, speed metal, eurovision, esc",eng,100%,576844,18284364,too_big,221,20,4,1,2025-03-21,1996,2,20,15,15,15,8,b5b4ba6e-6e34-4669-a33b-0d813b4c3d83,https://www.last.fm/music/Lordi,
157,Pepe Deluxé,75,Finland,Group,"art pop, trip hop, finnish, scandinavian, european",eng,100%,102721,1048398,big,100,9,0,10,2024-06-21,1995,8,20,15,12,12,8,04fa6faa-6b42-4c7a-b1db-9aa20b7e4853,https://www.last.fm/music/+noredirect/Pepe+Delux%C3%A9,
158,Sodiac,75,Finland,Person,"trance, pop, drum and bass, dance, electro, techno, electronica, indie dance",eng,100%,826,6597,too_small,15,1,1,0,2024-09-06,,5,20,15,12,15,8,9530e613-1a9f-45c5-9abe-988fa54e6c81,https://www.last.fm/music/Sodiac,
159,Super8 & Tab,75,Finland,Group,"trance, edm",eng,100%,203978,2865052,big,195,15,9,0,2024-10-21,2005,8,20,15,12,12,8,c54d9d94-e94f-4d8d-850d-1c314bd4ee15,https://www.last.fm/music/Super8+&+Tab,
160,The Rasmus,75,Finland,Group,"rock, alternative rock, funk rock, pop rock, symphonic rock, gothic rock, pop and chart, eurovision 2022 artists",eng,100%,1169053,32416395,too_big,167,14,4,7,2025-10-10,1994,2,20,15,15,15,8,012e3432-71d3-4317-9ce5-b60cb6cdc38f,https://www.last.fm/music/The+Rasmus,
161,Winning Team,75,Finland,Group,big room house,eng,100%,14480,89958,wf_sweet_spot,8,0,0,8,2022-05-06,,25,20,10,4,8,8,f6b67f08-0c37-49c6-9804-94f689a265de,https://www.last.fm/music/Winning+Team,
162,idealism,75,Finland,Person,"downtempo, instrumental, hip hop, lo-fi, boom bap, chillwave, instrumental hip hop, lo-fi hip hop",eng,96%,586731,10781989,too_big,85,4,6,15,2025-02-21,,2,20,15,15,15,8,44ade048-ea16-4161-abb6-7794ebefad19,https://www.last.fm/music/idealism,
163,Insomnium,74,Finland,Group,"melodic death metal, metal, death metal, doom metal, neofolk",eng,100%,280920,26996125,big,135,10,5,10,2023-11-03,1997,8,20,15,8,15,8,c1f8e226-75ea-4fe6-83ce-59c122bcbca4,https://www.last.fm/music/Insomnium,
164,Jukio Kallio,74,Finland,Person,"_edit, edm, vgm, video game music",eng,96%,110723,1290605,big,154,9,12,4,2025-10-09,,8,20,15,15,8,8,3caee508-608d-4d6b-96d4-cf8349d62f09,https://www.last.fm/music/Jukio+Kallio,
165,Kalmah,74,Finland,Group,"melodic death metal, death metal",eng,100%,303889,16134437,big,110,10,1,5,2023-05-24,1998,8,20,15,8,15,8,8d5291bc-e960-428a-9004-b5ab9c171dd2,https://www.last.fm/music/Kalmah,
166,Kuollut,74,Finland,Person,"electronic, ambient, witch house",eng,100%,1683,20000,small,10,1,0,0,2021-04-14,,15,20,12,4,15,8,cdaa87f2-bbdc-4103-ae2d-0e9d39d0b8a9,https://www.last.fm/music/Kuollut,
167,Muffler,74,Finland,Person,"electronic, dubstep, drum and bass",eng,100%,142621,1636593,big,225,20,5,0,2023-07-10,,8,20,15,8,15,8,efc210f8-46a2-43e1-8b17-9da31f721ca4,https://www.last.fm/music/Muffler,
168,Neljä Ruusua,74,Finland,Group,finnish,fin,8%,72320,1963635,wf_sweet_spot,217,20,3,2,2022-12-02,1982,25,10,15,4,12,8,b74cb0c9-86fe-426c-9d3b-f07f6a2936d5,https://www.last.fm/music/+noredirect/Nelj%C3%A4+Ruusua,
169,Rajaton,74,Finland,Group,"a cappella, jazz",fin,25%,35142,729524,wf_sweet_spot,186,18,0,6,2022-11-28,1997,25,10,15,4,12,8,52a9e588-8c75-4270-9842-09ec83e51571,https://www.last.fm/music/Rajaton,
170,Teemu Viinikainen,74,Finland,Person,jazz fusion,eng,82%,3254,12366,small,90,9,0,0,2022-12-16,1975,15,20,15,4,12,8,c5ef7d7f-3769-4392-8a06-8e9327a88554,https://www.last.fm/music/Teemu+Viinikainen,
171,The 69 Eyes,74,Finland,Group,"rock, metal, finnish, gothic metal, hard rock, gothic, garage rock, gothic rock",eng,100%,461479,19996018,big,235,22,3,0,2023-04-21,1989,8,20,15,8,15,8,ba1384a7-8b0e-4ea6-bf0c-f1ec17a06d14,https://www.last.fm/music/The+69+Eyes,
172,Lavis,73,Finland,Person,hip hop,fin,36%,1931,100520,small,190,13,12,0,2023-10-19,,15,15,15,8,12,8,a8fa7329-85c7-404a-9e54-058589466972,https://www.last.fm/music/LAViS,
173,Markku Ounaskari,73,Finland,Person,"jazz fusion, jazz, free jazz",eng,67%,169,2251,too_small,70,7,0,0,2025-05-02,1967,5,15,15,15,15,8,348b7805-9a0b-404d-bca7-387a2c24590f,https://www.last.fm/music/Markku+Ounaskari,
174,…and Oceans,73,Finland,Group,"industrial metal, metal, black metal, melodic black metal, symphonic black metal",eng,68%,524,14609,too_small,149,13,3,4,2025-05-23,1995,5,15,15,15,15,8,284460fc-c58a-4214-b81c-299a66bbd786,https://www.last.fm/music/%E2%80%A6And+Oceans,
175,Apocalyptica,72,Finland,Group,"instrumental, metal, finnish, seen live, instrumental rock, cello, symphonic metal, alternative metal",eng,96%,1640444,70079138,too_big,222,21,2,2,2024-06-07,1993,2,20,15,12,15,8,788ad31c-bf0c-4a31-83f8-b8b130d79c76,https://www.last.fm/music/Apocalyptica,
176,H-M O,72,Finland,Person,"noise, ambient, experimental, drone",eng,71%,174,993,too_small,205,16,9,0,2024-09-13,,5,20,15,12,12,8,036775b1-ceac-43f5-846a-4507b487f0fd,https://www.last.fm/music/H-M+O,
177,Marko Laine,72,Finland,Person,"dance, techno",eng,100%,762,3785,too_small,23,0,4,3,2024-04-24,,5,20,15,12,12,8,64ace577-8404-4f6c-a6ef-9428d4b80296,https://www.last.fm/music/Marko+Laine,
178,Nightwish,72,Finland,Group,"progressive metal, metal, finnish, gothic metal, power metal, melodic, female vocals, symphonic metal",eng,96%,1813341,183996233,too_big,250,25,0,0,2024-09-20,1996,2,20,15,12,15,8,00a9f935-ba93-4fc8-a33a-993abe9c936b,https://www.last.fm/music/Nightwish,
179,Oddland,72,Finland,Group,progressive metal,unknown,0%,9852,147679,wf_sweet_spot,42,3,2,2,2022-03-11,2003,25,8,15,4,12,8,097a546b-8a74-4000-822a-9ebf20a22667,https://www.last.fm/music/Oddland,
180,Okra Playground,72,Finland,Group,"electronic, folk, world fusion",fin,33%,3352,46233,small,30,3,0,0,2022-10-28,2010,15,15,15,4,15,8,77fdf2fc-ded8-4470-a554-01b4235ee7af,https://www.last.fm/music/Okra+Playground,
181,Pepe Ahlqvist,72,Finland,Person,blues,eng,81%,892,7376,too_small,135,13,1,0,2024-11-24,1956,5,20,15,12,12,8,7a78e7cc-0ac1-4334-ad53-9c79838dcedb,https://www.last.fm/music/Pepe+Ahlqvist,
182,Sonata Arctica,72,Finland,Group,"finnish, power metal, finlandia",eng,100%,761769,72439056,too_big,226,21,3,1,2024-03-08,1999,2,20,15,12,15,8,319b1175-ced9-438f-986b-9239c3edd92d,https://www.last.fm/music/Sonata+Arctica,
183,Bert,71,Finland,Person,"lo-fi hip hop, instrumental hip hop, lo-fi, downtempo, instrumental, boom bap, hip hop, chillwave",eng,100%,180027,1082881,big,13,1,0,3,2023-09-15,,8,20,12,8,15,8,0c7253e0-5f8d-4107-bec4-c031adede2be,https://www.last.fm/music/Bert,
184,Moonshine Mojo,71,Finland,Group,"blues, delta blues, blues rock, rock",eng,100%,175,1826,too_small,25,2,1,0,2023-06-16,,5,20,15,8,15,8,4f2bcb63-a0d9-4f7e-a735-402f575f2d4b,https://www.last.fm/music/Moonshine+Mojo,
185,Stam1na,71,Finland,Group,"heavy metal, technical thrash metal, progressive metal",fin,8%,136068,16878665,big,155,14,1,10,2026-02-20,1996,8,10,15,15,15,8,f74c7996-4c0b-4ebd-b1e7-219e21c41286,https://www.last.fm/music/Stam1na,
186,Celestial Alignment,70,Finland,Person,"lo-fi hip hop, hip hop, chillwave, downtempo, instrumental, boom bap, instrumental hip hop, lo-fi",eng,100%,195930,1365298,big,16,1,1,1,2021-02-05,,8,20,15,4,15,8,a09c6127-7522-404b-b521-d226045af128,https://www.last.fm/music/Celestial+Alignment,
187,Impaled Nazarene,70,Finland,Group,"metal, black metal, death, sex, politics, violence, nuclear war, satanism",eng,100%,153207,6833611,big,210,17,8,0,2021-05-25,1990,8,20,15,4,15,8,2228019e-67b4-4d2e-a101-f2d5dcaf892f,https://www.last.fm/music/Impaled+Nazarene,
188,Jimi Tenor,70,Finland,Person,"electronic, finnish, electronica, ambient techno, european, warp",eng,88%,155387,1426420,big,230,23,0,0,2022-06-24,1965,8,20,15,4,15,8,41521210-ef91-49cc-9b0b-55ca8f9f053c,https://www.last.fm/music/Jimi+Tenor,
189,Kisu,70,Finland,Person,"singer-songwriter, iskelmä",fin,17%,8908,148941,wf_sweet_spot,120,12,0,0,2021,1951,25,10,15,4,8,8,f19af358-b342-4892-8576-df62218cef7c,https://www.last.fm/music/Kisu,
190,Warmen,69,Finland,Group,"melodic death metal, power metal",unknown,0%,110976,2078006,big,99,9,0,9,2025-08-15,2000,8,8,15,15,15,8,6b3a7975-fc3a-404b-a13e-66c223cd2a31,https://www.last.fm/music/Warmen,
191,Darude,68,Finland,Person,"euro-trance, electronic, trance, finnish",eng,100%,1229080,10114205,too_big,91,6,3,16,2023-11-03,1975,2,20,15,8,15,8,9ffad8aa-b671-4a9a-a527-a95bdaaa0ec4,https://www.last.fm/music/Darude,
192,Jarkka Rissanen,68,Finland,Person,"rock, blues",eng,83%,171,918,too_small,110,11,0,0,2023-12-01,1956,5,20,15,8,12,8,bb7f4808-a712-4477-a0ab-b1e1327fa8a3,https://www.last.fm/music/Jarkka+Rissanen,
193,Oranssi Pazuzu,68,Finland,Group,"metal, finnish, black metal, experimental, psychedelic rock, psychedelic, abstract, avant-garde metal",fin,5%,120623,3780714,big,93,8,2,3,2024-10-11,2007,8,10,15,12,15,8,e9d2cdf6-d485-4074-9a53-9990c9a4d8b1,https://www.last.fm/music/Oranssi+Pazuzu,
194,Axeslaughter,67,Finland,Group,"death metal, thrash metal, death, gore",eng,88%,208,2767,too_small,120,7,10,0,2022-07-20,2006,5,20,15,4,15,8,e247baec-e50c-48c0-81ad-433e01692939,https://www.last.fm/music/Axeslaughter,
195,Kilta,67,Finland,,"philosophical paganism, folk metal, anti-christianity, black metal, heavy metal",eng,86%,272,5370,too_small,70,7,0,0,2022-04-13,1999,5,20,15,4,15,8,4b33de2a-4b48-479e-a479-2a552b181d4c,https://www.last.fm/music/Kilta,
196,M,65,Finland,Person,art pop,fin,14%,415581,4667702,big,50,5,0,0,2024-03-01,,8,10,15,12,12,8,c4077d8b-44ea-4195-9c9f-53b83e21d057,https://www.last.fm/music/M,
197,22‐Pistepirkko,64,Finland,Group,"rock, indie rock, finland",eng,92%,142,1830,too_small,194,17,4,4,2022-10-06,1980,5,20,15,4,12,8,32b698aa-0bf8-4783-88f0-0758b8543cbd,https://www.last.fm/music/22%E2%80%90Pistepirkko,
198,Mika Kallio,64,Finland,Person,"jazz fusion, free jazz",eng,75%,135,1088,too_small,90,9,0,0,2022-06-17,1974,5,20,15,4,12,8,6e28074f-977a-4e41-93fa-aca8b5e4b5e9,https://www.last.fm/music/Mika+Kallio,
199,Poets of the Fall,64,Finland,Group,"alternative metal, alternative rock, pop rock, rock",eng,100%,625059,35209829,too_big,145,12,3,10,2022-04-29,2002,2,20,15,4,15,8,482a5456-7d8a-4366-a2e9-6f38853df632,https://www.last.fm/music/Poets+of+the+Fall,
200,Stratovarius,64,Finland,Group,"metal, finnish, power metal, finland, neo-classical metal, scandinavia, scandinave, scandinavie",eng,100%,641186,31011621,too_big,250,25,0,0,2022-09-21,1984,2,20,15,4,15,8,c3d6fdd5-67c5-453e-87e3-d17a00a52879,https://www.last.fm/music/Stratovarius,
201,Sunrise Avenue,64,Finland,Group,"finnish, pop rock",eng,100%,536882,14021669,too_big,144,12,3,9,2021-04-09,2002,2,20,15,4,15,8,fa57d5dc-bcfa-40ea-9638-3d3cd89d1258,https://www.last.fm/music/Sunrise+Avenue,
202,Tenhi,64,Finland,Group,"neofolk, dark folk",fin,21%,118545,6459241,big,95,8,3,0,2023-06-09,1996,8,10,15,8,15,8,ae79e6ff-72ce-4877-a0dc-dc2a5c1ad407,https://www.last.fm/music/Tenhi,
203,Tim Eric,64,Finland,Person,"uplifting trance, trance, melodic trance, house, tech house, techno, vocal trance, edm",eng,100%,548,1736,too_small,23,2,0,3,2021-10-22,,5,20,15,4,12,8,5301ee00-af7a-4732-8f89-2be53302fcb2,https://www.last.fm/music/Tim+Eric,
204,tomppabeats,64,Finland,Person,"hip hop, chillwave, instrumental hip hop, lo-fi, lo-fi hip hop, downtempo, instrumental, boom bap",eng,100%,589023,14391845,too_big,66,4,5,1,2022-08-11,1997,2,20,15,4,15,8,50e66415-ca79-4f18-9ba2-3b893b0fd32c,https://www.last.fm/music/TomppaBeats,
205,Rene Kita,63,Finland,Person,"noise, experimental",eng,100%,236,1523,too_small,40,4,0,0,2024-08-12,,5,20,15,12,3,8,9b98c718-6f3f-4f1b-bb81-a5f6838efa3d,https://www.last.fm/music/Rene+Kita,
206,Korpiklaani,62,Finland,Group,"metal, finnish, folk metal, finlandia",fin,17%,587872,38611037,too_big,169,16,0,9,2024-04-05,2003,2,10,15,12,15,8,50eec634-7c42-41ee-9b1f-b41d9ca28b26,https://www.last.fm/music/Korpiklaani,
207,Team Play,61,Finland,Group,indie folk,eng,100%,408,1799,too_small,12,1,0,2,2022-06-03,,5,20,12,4,12,8,49348b42-c48a-4926-8240-511d5cae6fff,https://www.last.fm/music/Team+Play,
208,Apulanta,60,Finland,Group,"rock, alternative rock, punk, finland, pop rock",fin,12%,145288,12482178,big,245,24,1,0,2022-10-14,1991,8,10,15,4,15,8,d3fa206b-a8ff-4b53-a0e2-83aa19a40c66,https://www.last.fm/music/Apulanta,
209,Babes in the Abyss,60,Finland,Group,"lo-fi, metal, diy, dark, experimental, primitive",eng,100%,112,661,too_small,25,1,3,0,2022-10-17,2016,5,20,15,4,8,8,29450ef7-e9aa-4781-b5d9-1c636cf71bf5,https://www.last.fm/music/Babes+in+the+Abyss,
210,Joa,60,Finland,Person,"pop, dance, house, electronica, edm, melodic techno, melodic house, finnish hip hop",unknown,0%,17240,80294,wf_sweet_spot,0,0,0,0,,,25,8,1,3,15,8,9f086e18-0bca-4487-8980-1c9471f22582,https://www.last.fm/music/Joa,
211,VVOV,59,Finland,Group,"electronic, darksynth, black metal, electro-industrial, synthwave",eng,61%,473,11667,too_small,86,5,4,16,2022-08-10,2018,5,15,15,4,12,8,d0097e19-adba-4711-912a-fd8aedf9a03b,https://www.last.fm/music/Vvov,
212,Marvin,57,Finland,Person,drum and bass,unknown,0%,33639,352182,wf_sweet_spot,0,0,0,0,,,25,8,1,3,12,8,8fc4ce95-c22d-44bb-ab55-a3fe06860153,https://www.last.fm/music/Marvin,
213,Norma John,57,Finland,Group,soul,unknown,0%,11306,105176,wf_sweet_spot,0,0,0,0,,2008,25,8,1,3,12,8,5bed8f00-c5a0-4c3f-8baf-72a3ccde6e1f,https://www.last.fm/music/Norma+John,
214,Danny,53,Finland,Person,,fin,4%,128658,1679528,big,250,25,0,0,2021-10-29,1942,8,10,15,4,8,8,d04be83f-4330-4144-9c63-078087706582,https://www.last.fm/music/Danny,
215,Ari Pulkkinen,50,Finland,Person,"vgm, video game music",unknown,0%,147712,1661779,big,173,16,2,3,2023-08-31,1982,8,8,15,8,3,8,fc14934c-5c14-4b3e-ba9a-76af9117e6a8,https://www.last.fm/music/Ari+Pulkkinen,
216,Crucify the Faith,50,Finland,Group,"melodic metalcore, melodic death metal",unknown,0%,2547,14360,small,0,0,0,0,,2014,15,8,1,3,15,8,a9b77dac-9014-47c0-beb9-2b37a81370ff,https://www.last.fm/music/Crucify+The+Faith,
217,Sami Kujala,50,Finland,Person,"rock, pop, jazz, folk, hip hop, funk, afro-american",unknown,0%,0,0,small,0,0,0,0,,,15,8,1,3,15,8,ceb96db3-6054-4f75-be14-c95913a65b62,,
218,Spotless Souls,40,Finland,Group,"alternative rock, shoegaze, ambient, indie rock, soul",unknown,0%,245,637,too_small,0,0,0,0,,2023,5,8,1,3,15,8,dc90fdee-a9c9-4ac3-8fc3-8ca9551d053c,https://www.last.fm/music/Spotless+Souls,
219,Bronco,36,Finland,Person,drum and bass,unknown,0%,179397,2717213,big,0,0,0,0,,,8,8,1,3,8,8,8b60a5a3-6ab2-40bc-bbc1-4e4bc331bc67,https://www.last.fm/music/Bronco,
220,Sound Explosion Band,33,Finland,Group,reggae,unknown,0%,394,1632,too_small,0,0,0,0,,,5,8,1,3,8,8,11f4c470-e143-477f-bcb4-43225448ff3e,https://www.last.fm/music/Sound+Explosion+Band,
221,Maj Mason,28,Finland,Person,"dark synth, industrial, dark industrial, synthwave, finland",unknown,0%,43,86,too_small,0,0,0,0,,,5,8,1,3,3,8,2939228b-3e74-4dc1-b19e-51f940656aa5,https://www.last.fm/music/Maj+Mason,
